"csv_file_name","question_name","ï..id","questionusageid","slot","behaviour","questionid","variant","maxmark","minfraction","maxfraction","flagged","questionsummary","rightanswer","responsesummary","timemodified","questionattemptid","sequencenumber","state","fraction","timecreated","userid","firstname","lastname","username","attempt_number","group"
"../data-raw/study2/attempts_MidC2.csv","MidC2",1759768,54074,16,"interactivecountback",29997,1,1,0,1,0,"\({-2\,\left(-3\right)^{n-1}}\) is Neither increasing nor decreasing and Unbounded","Seed: 1886707239; ans1: ""Neither increasing nor decreasing"" [score]; ans2: ""Unbounded"" [score]; prt1: # = 1 | ATAlgEquiv_String | prt1-1-T; prt2: # = 1 | ATAlgEquiv_String | prt2-1-T","Seed: 1886707239; ans1: ""Neither increasing nor decreasing"" [score]; ans2: ""Unbounded"" [score]; prt1: # = 1 | ATAlgEquiv_String | prt1-1-T; prt2: # = 1 | ATAlgEquiv_String | prt2-1-T",1606137212,717230,1,"gradedright",1,1605726454,132,"anonfirstname10","anonlastname10","anon10",1,"Group CG"
"../data-raw/study2/attempts_MidC2.csv","MidC2",1761702,54110,16,"interactivecountback",29997,2,1,0,1,0,"\({-2\,5^{n-1}}\) is Decreasing and Bounded above","Seed: 1454419938; ans1: ""Decreasing"" [score]; ans2: ""Bounded above"" [score]; prt1: # = 1 | ATAlgEquiv_String | prt1-1-T; prt2: # = 1 | ATAlgEquiv_String | prt2-1-T","Seed: 1454419938; ans1: ""Decreasing"" [score]; ans2: ""Bounded above"" [score]; prt1: # = 1 | ATAlgEquiv_String | prt1-1-T; prt2: # = 1 | ATAlgEquiv_String | prt2-1-T",1606155139,718190,2,"gradedright",1,1606151763,222,"anonfirstname100","anonlastname100","anon100",1,"Group CG"
"../data-raw/study2/attempts_MidC2.csv","MidC2",1757493,54033,26,"interactivecountback",29997,3,0,0,1,0,"\({-2\,\left(-5\right)^{n-1}}\) is Neither increasing nor decreasing and Unbounded","Seed: 258534682; ans1: ""Neither increasing nor decreasing"" [score]; ans2: ""Unbounded"" [score]; prt1: # = 1 | ATAlgEquiv_String | prt1-1-T; prt2: # = 1 | ATAlgEquiv_String | prt2-1-T","Seed: 258534682; ans1: ""Neither increasing nor decreasing"" [score]; ans2: ""Bounded above and below"" [score]; prt1: # = 1 | ATAlgEquiv_String | prt1-1-T; prt2: # = 0 | ATAlgEquiv_String | prt2-1-F",1606153383,716117,1,"gradedpartial",0.5,1606147384,223,"anonfirstname101","anonlastname101","anon101",1,"Group GC"
"../data-raw/study2/attempts_MidC2.csv","MidC2",1757495,54033,27,"interactivecountback",29997,2,0,0,1,0,"\({-2\,5^{n-1}}\) is Decreasing and Bounded above","Seed: 1454419938; ans1: ""Decreasing"" [score]; ans2: ""Bounded above"" [score]; prt1: # = 1 | ATAlgEquiv_String | prt1-1-T; prt2: # = 1 | ATAlgEquiv_String | prt2-1-T","Seed: 1454419938; ans1: ""Decreasing"" [score]; ans2: ""Unbounded"" [score]; prt1: # = 1 | ATAlgEquiv_String | prt1-1-T; prt2: # = 0 | ATAlgEquiv_String | prt2-1-F",1606153383,716118,1,"gradedpartial",0.5,1606147502,223,"anonfirstname101","anonlastname101","anon101",2,"Group GC"
"../data-raw/study2/attempts_MidC2.csv","MidC2",1757472,54033,16,"interactivecountback",29997,5,1,0,1,0,"\({4\,3^{n-1}}\) is Increasing and Bounded below","Seed: 1967851554; ans1: ""Increasing"" [score]; ans2: ""Bounded below"" [score]; prt1: # = 1 | ATAlgEquiv_String | prt1-1-T; prt2: # = 1 | ATAlgEquiv_String | prt2-1-T","Seed: 1967851554; ans1: ""Increasing"" [score]; ans2: ""Bounded below"" [score]; prt1: # = 1 | ATAlgEquiv_String | prt1-1-T; prt2: # = 1 | ATAlgEquiv_String | prt2-1-T",1606153383,716107,1,"gradedright",1,1606147630,223,"anonfirstname101","anonlastname101","anon101",3,"Group GC"
"../data-raw/study2/attempts_MidC2.csv","MidC2",1761760,54111,16,"interactivecountback",29997,7,1,0,1,0,"\({-5\,\left(-2\right)^{n-1}}\) is Neither increasing nor decreasing and Unbounded","Seed: 1832130200; ans1: ""Neither increasing nor decreasing"" [score]; ans2: ""Unbounded"" [score]; prt1: # = 1 | ATAlgEquiv_String | prt1-1-T; prt2: # = 1 | ATAlgEquiv_String | prt2-1-T","Seed: 1832130200; prt1: !; prt2: !",1606149131,718218,1,"gaveup",NA,1606149130,227,"anonfirstname105","anonlastname105","anon105",1,"Group CG"
"../data-raw/study2/attempts_MidC2.csv","MidC2",1761809,54112,16,"interactivecountback",29997,1,1,0,1,0,"\({-2\,\left(-3\right)^{n-1}}\) is Neither increasing nor decreasing and Unbounded","Seed: 1886707239; ans1: ""Neither increasing nor decreasing"" [score]; ans2: ""Unbounded"" [score]; prt1: # = 1 | ATAlgEquiv_String | prt1-1-T; prt2: # = 1 | ATAlgEquiv_String | prt2-1-T","Seed: 1886707239; ans1: ""Neither increasing nor decreasing"" [score]; ans2: ""Unbounded"" [score]; prt1: # = 1 | ATAlgEquiv_String | prt1-1-T; prt2: # = 1 | ATAlgEquiv_String | prt2-1-T",1605600484,718240,1,"gradedright",1,1605599688,230,"anonfirstname108","anonlastname108","anon108",1,"Group CG"
"../data-raw/study2/attempts_MidC2.csv","MidC2",1761865,54113,16,"interactivecountback",29997,5,1,0,1,0,"\({4\,3^{n-1}}\) is Increasing and Bounded below","Seed: 1967851554; ans1: ""Increasing"" [score]; ans2: ""Bounded below"" [score]; prt1: # = 1 | ATAlgEquiv_String | prt1-1-T; prt2: # = 1 | ATAlgEquiv_String | prt2-1-T","Seed: 1967851554; ans1: ""Increasing"" [score]; ans2: ""Bounded below"" [score]; prt1: # = 1 | ATAlgEquiv_String | prt1-1-T; prt2: # = 1 | ATAlgEquiv_String | prt2-1-T",1606140654,718265,1,"gradedright",1,1606140433,231,"anonfirstname109","anonlastname109","anon109",1,"Group CG"
"../data-raw/study2/attempts_MidC2.csv","MidC2",1757555,54035,16,"interactivecountback",29997,2,1,0,1,0,"\({-2\,5^{n-1}}\) is Decreasing and Bounded above","Seed: 1454419938; ans1: ""Decreasing"" [score]; ans2: ""Bounded above"" [score]; prt1: # = 1 | ATAlgEquiv_String | prt1-1-T; prt2: # = 1 | ATAlgEquiv_String | prt2-1-T","Seed: 1454419938; ans1: ""Decreasing"" [score]; ans2: ""Bounded above"" [score]; prt1: # = 1 | ATAlgEquiv_String | prt1-1-T; prt2: # = 1 | ATAlgEquiv_String | prt2-1-T",1605616927,716157,1,"gradedright",1,1605615908,232,"anonfirstname110","anonlastname110","anon110",1,"Group GC"
"../data-raw/study2/attempts_MidC2.csv","MidC2",1757611,54036,16,"interactivecountback",29997,10,1,0,1,0,"\({4\,\left(-3\right)^{n-1}}\) is Neither increasing nor decreasing and Unbounded","Seed: 123877803; ans1: ""Neither increasing nor decreasing"" [score]; ans2: ""Unbounded"" [score]; prt1: # = 1 | ATAlgEquiv_String | prt1-1-T; prt2: # = 1 | ATAlgEquiv_String | prt2-1-T","Seed: 123877803; ans1: ""Neither increasing nor decreasing"" [score]; ans2: ""Unbounded"" [score]; prt1: # = 1 | ATAlgEquiv_String | prt1-1-T; prt2: # = 1 | ATAlgEquiv_String | prt2-1-T",1606213361,716182,1,"gradedright",1,1606210635,235,"anonfirstname113","anonlastname113","anon113",1,"Group GC"
"../data-raw/study2/attempts_MidC2.csv","MidC2",1762004,54115,16,"interactivecountback",29997,3,1,0,1,0,"\({-2\,\left(-5\right)^{n-1}}\) is Neither increasing nor decreasing and Unbounded","Seed: 258534682; ans1: ""Neither increasing nor decreasing"" [score]; ans2: ""Unbounded"" [score]; prt1: # = 1 | ATAlgEquiv_String | prt1-1-T; prt2: # = 1 | ATAlgEquiv_String | prt2-1-T","Seed: 258534682; ans1: ""Neither increasing nor decreasing"" [score]; ans2: ""Unbounded"" [score]; prt1: # = 1 | ATAlgEquiv_String | prt1-1-T; prt2: # = 1 | ATAlgEquiv_String | prt2-1-T",1605795646,718325,1,"gradedright",1,1605793861,236,"anonfirstname114","anonlastname114","anon114",1,"Group CG"
"../data-raw/study2/attempts_MidC2.csv","MidC2",1757666,54037,16,"interactivecountback",29997,6,1,0,1,0,"\({\left(-2\right)^{n+1}}\) is Neither increasing nor decreasing and Unbounded","Seed: 71454915; ans1: ""Neither increasing nor decreasing"" [score]; ans2: ""Unbounded"" [score]; prt1: # = 1 | ATAlgEquiv_String | prt1-1-T; prt2: # = 1 | ATAlgEquiv_String | prt2-1-T","Seed: 71454915; ans1: ""Neither increasing nor decreasing"" [score]; ans2: ""Unbounded"" [score]; prt1: # = 1 | ATAlgEquiv_String | prt1-1-T; prt2: # = 1 | ATAlgEquiv_String | prt2-1-T",1606136929,716207,1,"gradedright",1,1606134574,237,"anonfirstname115","anonlastname115","anon115",1,"Group GC"
"../data-raw/study2/attempts_MidC2.csv","MidC2",1762092,54116,28,"interactivecountback",29997,1,0,0,1,0,"\({-2\,\left(-3\right)^{n-1}}\) is Neither increasing nor decreasing and Unbounded","Seed: 1886707239; ans1: ""Neither increasing nor decreasing"" [score]; ans2: ""Unbounded"" [score]; prt1: # = 1 | ATAlgEquiv_String | prt1-1-T; prt2: # = 1 | ATAlgEquiv_String | prt2-1-T","Seed: 1886707239; ans1: ""Neither increasing nor decreasing"" [score]; ans2: ""Bounded below"" [score]; prt1: # = 1 | ATAlgEquiv_String | prt1-1-T; prt2: # = 0 | ATAlgEquiv_String | prt2-1-F",1605709064,718364,1,"gradedpartial",0.5,1605703209,238,"anonfirstname116","anonlastname116","anon116",1,"Group CG"
"../data-raw/study2/attempts_MidC2.csv","MidC2",1762063,54116,16,"interactivecountback",29997,8,1,0,1,0,"\({-4\,\left(-3\right)^{n-1}}\) is Neither increasing nor decreasing and Unbounded","Seed: 271527967; ans1: ""Neither increasing nor decreasing"" [score]; ans2: ""Unbounded"" [score]; prt1: # = 1 | ATAlgEquiv_String | prt1-1-T; prt2: # = 1 | ATAlgEquiv_String | prt2-1-T","Seed: 271527967; ans1: ""Neither increasing nor decreasing"" [score]; ans2: ""Unbounded"" [score]; prt1: # = 1 | ATAlgEquiv_String | prt1-1-T; prt2: # = 1 | ATAlgEquiv_String | prt2-1-T",1605709064,718352,1,"gradedright",1,1605703225,238,"anonfirstname116","anonlastname116","anon116",2,"Group CG"
"../data-raw/study2/attempts_MidC2.csv","MidC2",1762135,54117,16,"interactivecountback",29997,8,1,0,1,1,"\({-4\,\left(-3\right)^{n-1}}\) is Neither increasing nor decreasing and Unbounded","Seed: 271527967; ans1: ""Neither increasing nor decreasing"" [score]; ans2: ""Unbounded"" [score]; prt1: # = 1 | ATAlgEquiv_String | prt1-1-T; prt2: # = 1 | ATAlgEquiv_String | prt2-1-T","Seed: 271527967; ans1: ""Neither increasing nor decreasing"" [score]; ans2: ""Unbounded"" [score]; prt1: # = 1 | ATAlgEquiv_String | prt1-1-T; prt2: # = 1 | ATAlgEquiv_String | prt2-1-T",1605987512,718383,1,"gradedright",1,1605986098,239,"anonfirstname117","anonlastname117","anon117",1,"Group CG"
"../data-raw/study2/attempts_MidC2.csv","MidC2",1762225,54118,30,"interactivecountback",29997,10,0,0,1,0,"\({4\,\left(-3\right)^{n-1}}\) is Neither increasing nor decreasing and Unbounded","Seed: 123877803; ans1: ""Neither increasing nor decreasing"" [score]; ans2: ""Unbounded"" [score]; prt1: # = 1 | ATAlgEquiv_String | prt1-1-T; prt2: # = 1 | ATAlgEquiv_String | prt2-1-T","Seed: 123877803; ans1: ""Neither increasing nor decreasing"" [score]; ans2: ""Bounded above"" [score]; prt1: # = 1 | ATAlgEquiv_String | prt1-1-T; prt2: # = 0 | ATAlgEquiv_String | prt2-1-F",1606122287,718424,1,"gradedpartial",0.5,1606116724,240,"anonfirstname118","anonlastname118","anon118",1,"Group CG"
"../data-raw/study2/attempts_MidC2.csv","MidC2",1762195,54118,16,"interactivecountback",29997,8,1,0,1,0,"\({-4\,\left(-3\right)^{n-1}}\) is Neither increasing nor decreasing and Unbounded","Seed: 271527967; ans1: ""Neither increasing nor decreasing"" [score]; ans2: ""Unbounded"" [score]; prt1: # = 1 | ATAlgEquiv_String | prt1-1-T; prt2: # = 1 | ATAlgEquiv_String | prt2-1-T","Seed: 271527967; ans1: ""Neither increasing nor decreasing"" [score]; ans2: ""Unbounded"" [score]; prt1: # = 1 | ATAlgEquiv_String | prt1-1-T; prt2: # = 1 | ATAlgEquiv_String | prt2-1-T",1606122287,718410,1,"gradedright",1,1606116749,240,"anonfirstname118","anonlastname118","anon118",2,"Group CG"
"../data-raw/study2/attempts_MidC2.csv","MidC2",1757731,54038,16,"interactivecountback",29997,10,1,0,1,0,"\({4\,\left(-3\right)^{n-1}}\) is Neither increasing nor decreasing and Unbounded","Seed: 123877803; ans1: ""Neither increasing nor decreasing"" [score]; ans2: ""Unbounded"" [score]; prt1: # = 1 | ATAlgEquiv_String | prt1-1-T; prt2: # = 1 | ATAlgEquiv_String | prt2-1-T","Seed: 123877803; ans1: ""Neither increasing nor decreasing"" [score]; ans2: ""Unbounded"" [score]; prt1: # = 1 | ATAlgEquiv_String | prt1-1-T; prt2: # = 1 | ATAlgEquiv_String | prt2-1-T",1606139832,716237,1,"gradedright",1,1606137861,241,"anonfirstname119","anonlastname119","anon119",1,"Group GC"
"../data-raw/study2/attempts_MidC2.csv","MidC2",1759861,54075,26,"interactivecountback",29997,8,0,0,1,0,"\({-4\,\left(-3\right)^{n-1}}\) is Neither increasing nor decreasing and Unbounded","Seed: 271527967; ans1: ""Neither increasing nor decreasing"" [score]; ans2: ""Unbounded"" [score]; prt1: # = 1 | ATAlgEquiv_String | prt1-1-T; prt2: # = 1 | ATAlgEquiv_String | prt2-1-T","Seed: 271527967; ans1: ""Decreasing"" [score]; ans2: ""Bounded below"" [score]; prt1: # = 0 | ATAlgEquiv_String | prt1-1-F; prt2: # = 0 | ATAlgEquiv_String | prt2-1-F",1606067645,717270,1,"gradedwrong",0,1605923565,134,"anonfirstname12","anonlastname12","anon12",1,"Group CG"
"../data-raw/study2/attempts_MidC2.csv","MidC2",1759838,54075,16,"interactivecountback",29997,7,1,0,1,0,"\({-5\,\left(-2\right)^{n-1}}\) is Neither increasing nor decreasing and Unbounded","Seed: 1832130200; ans1: ""Neither increasing nor decreasing"" [score]; ans2: ""Unbounded"" [score]; prt1: # = 1 | ATAlgEquiv_String | prt1-1-T; prt2: # = 1 | ATAlgEquiv_String | prt2-1-T","Seed: 1832130200; ans1: ""Neither increasing nor decreasing"" [score]; ans2: ""Unbounded"" [score]; prt1: # = 1 | ATAlgEquiv_String | prt1-1-T; prt2: # = 1 | ATAlgEquiv_String | prt2-1-T",1606067645,717260,1,"gradedright",1,1605923587,134,"anonfirstname12","anonlastname12","anon12",2,"Group CG"
"../data-raw/study2/attempts_MidC2.csv","MidC2",1757802,54039,16,"interactivecountback",29997,7,1,0,1,0,"\({-5\,\left(-2\right)^{n-1}}\) is Neither increasing nor decreasing and Unbounded","Seed: 1832130200; ans1: ""Neither increasing nor decreasing"" [score]; ans2: ""Unbounded"" [score]; prt1: # = 1 | ATAlgEquiv_String | prt1-1-T; prt2: # = 1 | ATAlgEquiv_String | prt2-1-T","Seed: 1832130200; ans1: ""Decreasing"" [score]; ans2: ""Bounded above"" [score]; prt1: # = 0 | ATAlgEquiv_String | prt1-1-F; prt2: # = 0 | ATAlgEquiv_String | prt2-1-F",1606072589,716270,1,"gradedwrong",0,1606069700,243,"anonfirstname121","anonlastname121","anon121",1,"Group GC"
"../data-raw/study2/attempts_MidC2.csv","MidC2",1762288,54119,26,"interactivecountback",29997,8,0,0,1,0,"\({-4\,\left(-3\right)^{n-1}}\) is Neither increasing nor decreasing and Unbounded","Seed: 271527967; ans1: ""Neither increasing nor decreasing"" [score]; ans2: ""Unbounded"" [score]; prt1: # = 1 | ATAlgEquiv_String | prt1-1-T; prt2: # = 1 | ATAlgEquiv_String | prt2-1-T","Seed: 271527967; ans1: ""Neither increasing nor decreasing"" [score]; ans2: ""Bounded above and below"" [score]; prt1: # = 1 | ATAlgEquiv_String | prt1-1-T; prt2: # = 0 | ATAlgEquiv_String | prt2-1-F",1606159586,718452,1,"gradedpartial",0.5,1606073195,244,"anonfirstname122","anonlastname122","anon122",1,"Group CG"
"../data-raw/study2/attempts_MidC2.csv","MidC2",1762290,54119,27,"interactivecountback",29997,4,0,0,1,0,"\({-5\,2^{n-1}}\) is Decreasing and Bounded above","Seed: 2111751705; ans1: ""Decreasing"" [score]; ans2: ""Bounded above"" [score]; prt1: # = 1 | ATAlgEquiv_String | prt1-1-T; prt2: # = 1 | ATAlgEquiv_String | prt2-1-T","Seed: 2111751705; ans1: ""Neither increasing nor decreasing"" [score]; ans2: ""Unbounded"" [score]; prt1: # = 0 | ATAlgEquiv_String | prt1-1-F; prt2: # = 0 | ATAlgEquiv_String | prt2-1-F",1606159586,718453,1,"gradedwrong",0,1606073214,244,"anonfirstname122","anonlastname122","anon122",2,"Group CG"
"../data-raw/study2/attempts_MidC2.csv","MidC2",1762265,54119,16,"interactivecountback",29997,6,1,0,1,0,"\({\left(-2\right)^{n+1}}\) is Neither increasing nor decreasing and Unbounded","Seed: 71454915; ans1: ""Neither increasing nor decreasing"" [score]; ans2: ""Unbounded"" [score]; prt1: # = 1 | ATAlgEquiv_String | prt1-1-T; prt2: # = 1 | ATAlgEquiv_String | prt2-1-T","Seed: 71454915; ans1: ""Neither increasing nor decreasing"" [score]; ans2: ""Unbounded"" [score]; prt1: # = 1 | ATAlgEquiv_String | prt1-1-T; prt2: # = 1 | ATAlgEquiv_String | prt2-1-T",1606159586,718442,1,"gradedright",1,1606073239,244,"anonfirstname122","anonlastname122","anon122",3,"Group CG"
"../data-raw/study2/attempts_MidC2.csv","MidC2",1762417,54121,32,"interactivecountback",29997,6,0,0,1,0,"\({\left(-2\right)^{n+1}}\) is Neither increasing nor decreasing and Unbounded","Seed: 71454915; ans1: ""Neither increasing nor decreasing"" [score]; ans2: ""Unbounded"" [score]; prt1: # = 1 | ATAlgEquiv_String | prt1-1-T; prt2: # = 1 | ATAlgEquiv_String | prt2-1-T","Seed: 71454915; ans1: ""Decreasing"" [score]; ans2: ""Bounded above"" [score]; prt1: # = 0 | ATAlgEquiv_String | prt1-1-F; prt2: # = 0 | ATAlgEquiv_String | prt2-1-F",1605639285,718511,1,"gradedwrong",0,1605638042,250,"anonfirstname128","anonlastname128","anon128",1,"Group CG"
"../data-raw/study2/attempts_MidC2.csv","MidC2",1762419,54121,33,"interactivecountback",29997,7,0,0,1,0,"\({-5\,\left(-2\right)^{n-1}}\) is Neither increasing nor decreasing and Unbounded","Seed: 1832130200; ans1: ""Neither increasing nor decreasing"" [score]; ans2: ""Unbounded"" [score]; prt1: # = 1 | ATAlgEquiv_String | prt1-1-T; prt2: # = 1 | ATAlgEquiv_String | prt2-1-T","Seed: 1832130200; ans1: ""Decreasing"" [score]; ans2: ""Unbounded"" [score]; prt1: # = 0 | ATAlgEquiv_String | prt1-1-F; prt2: # = 1 | ATAlgEquiv_String | prt2-1-T",1605639285,718512,1,"gradedpartial",0.5,1605638075,250,"anonfirstname128","anonlastname128","anon128",2,"Group CG"
"../data-raw/study2/attempts_MidC2.csv","MidC2",1762383,54121,16,"interactivecountback",29997,8,1,0,1,0,"\({-4\,\left(-3\right)^{n-1}}\) is Neither increasing nor decreasing and Unbounded","Seed: 271527967; ans1: ""Neither increasing nor decreasing"" [score]; ans2: ""Unbounded"" [score]; prt1: # = 1 | ATAlgEquiv_String | prt1-1-T; prt2: # = 1 | ATAlgEquiv_String | prt2-1-T","Seed: 271527967; ans1: ""Neither increasing nor decreasing"" [score]; ans2: ""Unbounded"" [score]; prt1: # = 1 | ATAlgEquiv_String | prt1-1-T; prt2: # = 1 | ATAlgEquiv_String | prt2-1-T",1605639285,718495,1,"gradedright",1,1605638090,250,"anonfirstname128","anonlastname128","anon128",3,"Group CG"
"../data-raw/study2/attempts_MidC2.csv","MidC2",1755317,53998,16,"interactivecountback",29997,7,1,0,1,0,"\({-5\,\left(-2\right)^{n-1}}\) is Neither increasing nor decreasing and Unbounded","Seed: 1832130200; ans1: ""Neither increasing nor decreasing"" [score]; ans2: ""Unbounded"" [score]; prt1: # = 1 | ATAlgEquiv_String | prt1-1-T; prt2: # = 1 | ATAlgEquiv_String | prt2-1-T","Seed: 1832130200; ans1: ""Increasing"" [score]; ans2: ""Bounded below"" [score]; prt1: # = 0 | ATAlgEquiv_String | prt1-1-F; prt2: # = 0 | ATAlgEquiv_String | prt2-1-F",1605899588,715115,1,"gradedwrong",0,1605893317,135,"anonfirstname13","anonlastname13","anon13",1,"Group GC"
"../data-raw/study2/attempts_MidC2.csv","MidC2",1757968,54042,16,"interactivecountback",29997,4,1,0,1,0,"\({-5\,2^{n-1}}\) is Decreasing and Bounded above","Seed: 2111751705; ans1: ""Decreasing"" [score]; ans2: ""Bounded above"" [score]; prt1: # = 1 | ATAlgEquiv_String | prt1-1-T; prt2: # = 1 | ATAlgEquiv_String | prt2-1-T","",1605570988,716349,0,"todo",NA,1605570877,255,"anonfirstname133","anonlastname133","anon133",1,"Group GC"
"../data-raw/study2/attempts_MidC2.csv","MidC2",1762516,54123,16,"interactivecountback",29997,9,1,0,1,0,"\({-2\,4^{n-1}}\) is Decreasing and Bounded above","Seed: 399679989; ans1: ""Decreasing"" [score]; ans2: ""Bounded above"" [score]; prt1: # = 1 | ATAlgEquiv_String | prt1-1-T; prt2: # = 1 | ATAlgEquiv_String | prt2-1-T","Seed: 399679989; prt1: !; prt2: !",1605549767,718555,1,"gaveup",NA,1605549766,256,"anonfirstname134","anonlastname134","anon134",1,"Group CG"
"../data-raw/study2/attempts_MidC2.csv","MidC2",1758011,54043,16,"interactivecountback",29997,2,1,0,1,0,"\({-2\,5^{n-1}}\) is Decreasing and Bounded above","Seed: 1454419938; ans1: ""Decreasing"" [score]; ans2: ""Bounded above"" [score]; prt1: # = 1 | ATAlgEquiv_String | prt1-1-T; prt2: # = 1 | ATAlgEquiv_String | prt2-1-T","Seed: 1454419938; ans1: ""Decreasing"" [score]; ans2: ""Bounded above"" [score]; prt1: # = 1 | ATAlgEquiv_String | prt1-1-T; prt2: # = 1 | ATAlgEquiv_String | prt2-1-T",1605630744,716371,1,"gradedright",1,1605628896,257,"anonfirstname135","anonlastname135","anon135",1,"Group GC"
"../data-raw/study2/attempts_MidC2.csv","MidC2",1758070,54044,16,"interactivecountback",29997,9,1,0,1,0,"\({-2\,4^{n-1}}\) is Decreasing and Bounded above","Seed: 399679989; ans1: ""Decreasing"" [score]; ans2: ""Bounded above"" [score]; prt1: # = 1 | ATAlgEquiv_String | prt1-1-T; prt2: # = 1 | ATAlgEquiv_String | prt2-1-T","Seed: 399679989; ans1: ""Decreasing"" [score]; ans2: ""Bounded above"" [score]; prt1: # = 1 | ATAlgEquiv_String | prt1-1-T; prt2: # = 1 | ATAlgEquiv_String | prt2-1-T",1605689508,716398,1,"gradedright",1,1605688499,258,"anonfirstname136","anonlastname136","anon136",1,"Group GC"
"../data-raw/study2/attempts_MidC2.csv","MidC2",1758127,54045,16,"interactivecountback",29997,4,1,0,1,0,"\({-5\,2^{n-1}}\) is Decreasing and Bounded above","Seed: 2111751705; ans1: ""Decreasing"" [score]; ans2: ""Bounded above"" [score]; prt1: # = 1 | ATAlgEquiv_String | prt1-1-T; prt2: # = 1 | ATAlgEquiv_String | prt2-1-T","Seed: 2111751705; ans1: ""Decreasing"" [score]; ans2: ""Bounded above"" [score]; prt1: # = 1 | ATAlgEquiv_String | prt1-1-T; prt2: # = 1 | ATAlgEquiv_String | prt2-1-T",1606081229,716424,1,"gradedright",1,1606078170,259,"anonfirstname137","anonlastname137","anon137",1,"Group GC"
"../data-raw/study2/attempts_MidC2.csv","MidC2",1758184,54046,16,"interactivecountback",29997,5,1,0,1,0,"\({4\,3^{n-1}}\) is Increasing and Bounded below","Seed: 1967851554; ans1: ""Increasing"" [score]; ans2: ""Bounded below"" [score]; prt1: # = 1 | ATAlgEquiv_String | prt1-1-T; prt2: # = 1 | ATAlgEquiv_String | prt2-1-T","Seed: 1967851554; ans1: ""Increasing"" [score]; ans2: ""Bounded below"" [score]; prt1: # = 1 | ATAlgEquiv_String | prt1-1-T; prt2: # = 1 | ATAlgEquiv_String | prt2-1-T",1605594514,716450,1,"gradedright",1,1605589937,260,"anonfirstname138","anonlastname138","anon138",1,"Group GC"
"../data-raw/study2/attempts_MidC2.csv","MidC2",1762578,54124,16,"interactivecountback",29997,8,1,0,1,0,"\({-4\,\left(-3\right)^{n-1}}\) is Neither increasing nor decreasing and Unbounded","Seed: 271527967; ans1: ""Neither increasing nor decreasing"" [score]; ans2: ""Unbounded"" [score]; prt1: # = 1 | ATAlgEquiv_String | prt1-1-T; prt2: # = 1 | ATAlgEquiv_String | prt2-1-T","Seed: 271527967; ans1: ""Neither increasing nor decreasing"" [score]; ans2: ""Unbounded"" [score]; prt1: # = 1 | ATAlgEquiv_String | prt1-1-T; prt2: # = 1 | ATAlgEquiv_String | prt2-1-T",1607656719,718588,1,"gradedright",1,1605662961,261,"anonfirstname139","anonlastname139","anon139",1,"Group CG"
"../data-raw/study2/attempts_MidC2.csv","MidC2",1758239,54047,16,"interactivecountback",29997,8,1,0,1,0,"\({-4\,\left(-3\right)^{n-1}}\) is Neither increasing nor decreasing and Unbounded","Seed: 271527967; ans1: ""Neither increasing nor decreasing"" [score]; ans2: ""Unbounded"" [score]; prt1: # = 1 | ATAlgEquiv_String | prt1-1-T; prt2: # = 1 | ATAlgEquiv_String | prt2-1-T","Seed: 271527967; ans1: ""Neither increasing nor decreasing"" [score]; ans2: ""Unbounded"" [score]; prt1: # = 1 | ATAlgEquiv_String | prt1-1-T; prt2: # = 1 | ATAlgEquiv_String | prt2-1-T",1605526218,716475,1,"gradedright",1,1605524773,264,"anonfirstname142","anonlastname142","anon142",1,"Group GC"
"../data-raw/study2/attempts_MidC2.csv","MidC2",1762654,54126,16,"interactivecountback",29997,8,1,0,1,0,"\({-4\,\left(-3\right)^{n-1}}\) is Neither increasing nor decreasing and Unbounded","Seed: 271527967; ans1: ""Neither increasing nor decreasing"" [score]; ans2: ""Unbounded"" [score]; prt1: # = 1 | ATAlgEquiv_String | prt1-1-T; prt2: # = 1 | ATAlgEquiv_String | prt2-1-T","Seed: 271527967; ans1: ""Neither increasing nor decreasing"" [score]; ans2: ""Bounded above and below"" [score]; prt1: # = 1 | ATAlgEquiv_String | prt1-1-T; prt2: # = 0 | ATAlgEquiv_String | prt2-1-F",1605697287,718634,1,"gradedpartial",0.5,1605695472,265,"anonfirstname143","anonlastname143","anon143",1,"Group CG"
"../data-raw/study2/attempts_MidC2.csv","MidC2",1762834,54129,16,"interactivecountback",29997,4,1,0,1,0,"\({-5\,2^{n-1}}\) is Decreasing and Bounded above","Seed: 2111751705; ans1: ""Decreasing"" [score]; ans2: ""Bounded above"" [score]; prt1: # = 1 | ATAlgEquiv_String | prt1-1-T; prt2: # = 1 | ATAlgEquiv_String | prt2-1-T","Seed: 2111751705; ans1: ""Decreasing"" [score]; ans2: ""Bounded above"" [score]; prt1: # = 1 | ATAlgEquiv_String | prt1-1-T; prt2: # = 1 | ATAlgEquiv_String | prt2-1-T",1607435181,718722,1,"gradedright",1,1606120899,271,"anonfirstname148","anonlastname148","anon148",1,"Group CG"
"../data-raw/study2/attempts_MidC2.csv","MidC2",1762953,54131,24,"interactivecountback",29997,2,0,0,1,0,"\({-2\,5^{n-1}}\) is Decreasing and Bounded above","Seed: 1454419938; ans1: ""Decreasing"" [score]; ans2: ""Bounded above"" [score]; prt1: # = 1 | ATAlgEquiv_String | prt1-1-T; prt2: # = 1 | ATAlgEquiv_String | prt2-1-T","Seed: 1454419938; ans1: ""Decreasing"" [score]; ans2: ""Bounded below"" [score]; prt1: # = 1 | ATAlgEquiv_String | prt1-1-T; prt2: # = 0 | ATAlgEquiv_String | prt2-1-F",1605751238,718778,1,"gradedpartial",0.5,1605749584,276,"anonfirstname153","anonlastname153","anon153",1,"Group CG"
"../data-raw/study2/attempts_MidC2.csv","MidC2",1762936,54131,16,"interactivecountback",29997,1,1,0,1,0,"\({-2\,\left(-3\right)^{n-1}}\) is Neither increasing nor decreasing and Unbounded","Seed: 1886707239; ans1: ""Neither increasing nor decreasing"" [score]; ans2: ""Unbounded"" [score]; prt1: # = 1 | ATAlgEquiv_String | prt1-1-T; prt2: # = 1 | ATAlgEquiv_String | prt2-1-T","Seed: 1886707239; ans1: ""Neither increasing nor decreasing"" [score]; ans2: ""Unbounded"" [score]; prt1: # = 1 | ATAlgEquiv_String | prt1-1-T; prt2: # = 1 | ATAlgEquiv_String | prt2-1-T",1605751238,718770,1,"gradedright",1,1605749736,276,"anonfirstname153","anonlastname153","anon153",2,"Group CG"
"../data-raw/study2/attempts_MidC2.csv","MidC2",1758409,54050,16,"interactivecountback",29997,6,1,0,1,0,"\({\left(-2\right)^{n+1}}\) is Neither increasing nor decreasing and Unbounded","Seed: 71454915; ans1: ""Neither increasing nor decreasing"" [score]; ans2: ""Unbounded"" [score]; prt1: # = 1 | ATAlgEquiv_String | prt1-1-T; prt2: # = 1 | ATAlgEquiv_String | prt2-1-T","Seed: 71454915; prt1: !; prt2: !",1606219497,716568,1,"gaveup",NA,1606219496,279,"anonfirstname156","anonlastname156","anon156",1,"Group GC"
"../data-raw/study2/attempts_MidC2.csv","MidC2",1762996,54132,16,"interactivecountback",29997,1,1,0,1,0,"\({-2\,\left(-3\right)^{n-1}}\) is Neither increasing nor decreasing and Unbounded","Seed: 1886707239; ans1: ""Neither increasing nor decreasing"" [score]; ans2: ""Unbounded"" [score]; prt1: # = 1 | ATAlgEquiv_String | prt1-1-T; prt2: # = 1 | ATAlgEquiv_String | prt2-1-T","Seed: 1886707239; ans1: ""Neither increasing nor decreasing"" [score]; ans2: ""Unbounded"" [score]; prt1: # = 1 | ATAlgEquiv_String | prt1-1-T; prt2: # = 1 | ATAlgEquiv_String | prt2-1-T",1605636856,718796,1,"gradedright",1,1605635938,280,"anonfirstname157","anonlastname157","anon157",1,"Group CG"
"../data-raw/study2/attempts_MidC2.csv","MidC2",1758511,54052,16,"interactivecountback",29997,7,1,0,1,0,"\({-5\,\left(-2\right)^{n-1}}\) is Neither increasing nor decreasing and Unbounded","Seed: 1832130200; ans1: ""Neither increasing nor decreasing"" [score]; ans2: ""Unbounded"" [score]; prt1: # = 1 | ATAlgEquiv_String | prt1-1-T; prt2: # = 1 | ATAlgEquiv_String | prt2-1-T","Seed: 1832130200; ans1: ""Neither increasing nor decreasing"" [score]; ans2: ""Unbounded"" [score]; prt1: # = 1 | ATAlgEquiv_String | prt1-1-T; prt2: # = 1 | ATAlgEquiv_String | prt2-1-T",1605773350,716616,1,"gradedright",1,1605773196,283,"anonfirstname160","anonlastname160","anon160",1,"Group GC"
"../data-raw/study2/attempts_MidC2.csv","MidC2",1763107,54134,16,"interactivecountback",29997,1,1,0,1,0,"\({-2\,\left(-3\right)^{n-1}}\) is Neither increasing nor decreasing and Unbounded","Seed: 1886707239; ans1: ""Neither increasing nor decreasing"" [score]; ans2: ""Unbounded"" [score]; prt1: # = 1 | ATAlgEquiv_String | prt1-1-T; prt2: # = 1 | ATAlgEquiv_String | prt2-1-T","Seed: 1886707239; ans1: ""Neither increasing nor decreasing"" [score]; ans2: ""Unbounded"" [score]; prt1: # = 1 | ATAlgEquiv_String | prt1-1-T; prt2: # = 1 | ATAlgEquiv_String | prt2-1-T",1605606046,718847,1,"gradedright",1,1605605270,285,"anonfirstname162","anonlastname162","anon162",1,"Group CG"
"../data-raw/study2/attempts_MidC2.csv","MidC2",1763162,54135,16,"interactivecountback",29997,8,1,0,1,0,"\({-4\,\left(-3\right)^{n-1}}\) is Neither increasing nor decreasing and Unbounded","Seed: 271527967; ans1: ""Neither increasing nor decreasing"" [score]; ans2: ""Unbounded"" [score]; prt1: # = 1 | ATAlgEquiv_String | prt1-1-T; prt2: # = 1 | ATAlgEquiv_String | prt2-1-T","Seed: 271527967; ans1: ""Neither increasing nor decreasing"" [score]; ans2: ""Bounded below"" [score]; prt1: # = 1 | ATAlgEquiv_String | prt1-1-T; prt2: # = 0 | ATAlgEquiv_String | prt2-1-F",1605774576,718870,1,"gradedpartial",0.5,1605773467,287,"anonfirstname164","anonlastname164","anon164",1,"Group CG"
"../data-raw/study2/attempts_MidC2.csv","MidC2",1758560,54053,16,"interactivecountback",29997,1,1,0,1,0,"\({-2\,\left(-3\right)^{n-1}}\) is Neither increasing nor decreasing and Unbounded","Seed: 1886707239; ans1: ""Neither increasing nor decreasing"" [score]; ans2: ""Unbounded"" [score]; prt1: # = 1 | ATAlgEquiv_String | prt1-1-T; prt2: # = 1 | ATAlgEquiv_String | prt2-1-T","Seed: 1886707239; ans1: ""Neither increasing nor decreasing"" [score]; ans2: ""Unbounded"" [score]; prt1: # = 1 | ATAlgEquiv_String | prt1-1-T; prt2: # = 1 | ATAlgEquiv_String | prt2-1-T",1606124464,716638,1,"gradedright",1,1606122424,289,"anonfirstname166","anonlastname166","anon166",1,"Group GC"
"../data-raw/study2/attempts_MidC2.csv","MidC2",1763221,54136,16,"interactivecountback",29997,7,1,0,1,0,"\({-5\,\left(-2\right)^{n-1}}\) is Neither increasing nor decreasing and Unbounded","Seed: 1832130200; ans1: ""Neither increasing nor decreasing"" [score]; ans2: ""Unbounded"" [score]; prt1: # = 1 | ATAlgEquiv_String | prt1-1-T; prt2: # = 1 | ATAlgEquiv_String | prt2-1-T","Seed: 1832130200; ans1: ""Neither increasing nor decreasing"" [score]; ans2: ""Unbounded"" [score]; prt1: # = 1 | ATAlgEquiv_String | prt1-1-T; prt2: # = 1 | ATAlgEquiv_String | prt2-1-T",1606205071,718897,1,"gradedright",1,1606204396,290,"anonfirstname167","anonlastname167","anon167",1,"Group CG"
"../data-raw/study2/attempts_MidC2.csv","MidC2",1758611,54054,16,"interactivecountback",29997,1,1,0,1,0,"\({-2\,\left(-3\right)^{n-1}}\) is Neither increasing nor decreasing and Unbounded","Seed: 1886707239; ans1: ""Neither increasing nor decreasing"" [score]; ans2: ""Unbounded"" [score]; prt1: # = 1 | ATAlgEquiv_String | prt1-1-T; prt2: # = 1 | ATAlgEquiv_String | prt2-1-T","Seed: 1886707239; ans1: ""Neither increasing nor decreasing"" [score]; ans2: ""Unbounded"" [score]; prt1: # = 1 | ATAlgEquiv_String | prt1-1-T; prt2: # = 1 | ATAlgEquiv_String | prt2-1-T",1606230969,716663,1,"gradedright",1,1606219451,293,"anonfirstname170","anonlastname170","anon170",1,"Group GC"
"../data-raw/study2/attempts_MidC2.csv","MidC2",1758655,54055,16,"interactivecountback",29997,3,1,0,1,0,"\({-2\,\left(-5\right)^{n-1}}\) is Neither increasing nor decreasing and Unbounded","Seed: 258534682; ans1: ""Neither increasing nor decreasing"" [score]; ans2: ""Unbounded"" [score]; prt1: # = 1 | ATAlgEquiv_String | prt1-1-T; prt2: # = 1 | ATAlgEquiv_String | prt2-1-T","Seed: 258534682; prt1: !; prt2: !",1606132978,716686,1,"gaveup",NA,1606132977,294,"anonfirstname171","anonlastname171","anon171",1,"Group GC"
"../data-raw/study2/attempts_MidC2.csv","MidC2",1758702,54056,16,"interactivecountback",29997,3,1,0,1,0,"\({-2\,\left(-5\right)^{n-1}}\) is Neither increasing nor decreasing and Unbounded","Seed: 258534682; ans1: ""Neither increasing nor decreasing"" [score]; ans2: ""Unbounded"" [score]; prt1: # = 1 | ATAlgEquiv_String | prt1-1-T; prt2: # = 1 | ATAlgEquiv_String | prt2-1-T","Seed: 258534682; prt1: !; prt2: !",1606065289,716708,1,"gaveup",NA,1606065288,296,"anonfirstname173","anonlastname173","anon173",1,"Group GC"
"../data-raw/study2/attempts_MidC2.csv","MidC2",1763278,54137,16,"interactivecountback",29997,8,1,0,1,0,"\({-4\,\left(-3\right)^{n-1}}\) is Neither increasing nor decreasing and Unbounded","Seed: 271527967; ans1: ""Neither increasing nor decreasing"" [score]; ans2: ""Unbounded"" [score]; prt1: # = 1 | ATAlgEquiv_String | prt1-1-T; prt2: # = 1 | ATAlgEquiv_String | prt2-1-T","Seed: 271527967; ans1: ""Increasing"" [score]; ans2: ""Unbounded"" [score]; prt1: # = 0 | ATAlgEquiv_String | prt1-1-F; prt2: # = 1 | ATAlgEquiv_String | prt2-1-T",1606163909,718923,1,"gradedpartial",0.5,1606163657,297,"anonfirstname174","anonlastname174","anon174",1,"Group CG"
"../data-raw/study2/attempts_MidC2.csv","MidC2",1763448,54140,16,"interactivecountback",29997,3,1,0,1,0,"\({-2\,\left(-5\right)^{n-1}}\) is Neither increasing nor decreasing and Unbounded","Seed: 258534682; ans1: ""Neither increasing nor decreasing"" [score]; ans2: ""Unbounded"" [score]; prt1: # = 1 | ATAlgEquiv_String | prt1-1-T; prt2: # = 1 | ATAlgEquiv_String | prt2-1-T","Seed: 258534682; ans1: ""Neither increasing nor decreasing"" [score]; ans2: ""Unbounded"" [score]; prt1: # = 1 | ATAlgEquiv_String | prt1-1-T; prt2: # = 1 | ATAlgEquiv_String | prt2-1-T",1606149223,718999,1,"gradedright",1,1606146955,300,"anonfirstname177","anonlastname177","anon177",1,"Group CG"
"../data-raw/study2/attempts_MidC2.csv","MidC2",1759897,54076,16,"interactivecountback",29997,9,1,0,1,0,"\({-2\,4^{n-1}}\) is Decreasing and Bounded above","Seed: 399679989; ans1: ""Decreasing"" [score]; ans2: ""Bounded above"" [score]; prt1: # = 1 | ATAlgEquiv_String | prt1-1-T; prt2: # = 1 | ATAlgEquiv_String | prt2-1-T","Seed: 399679989; ans1: ""Decreasing"" [score]; ans2: ""Bounded above"" [score]; prt1: # = 1 | ATAlgEquiv_String | prt1-1-T; prt2: # = 1 | ATAlgEquiv_String | prt2-1-T",1605730709,717286,1,"gradedright",1,1605729813,140,"anonfirstname18","anonlastname18","anon18",1,"Group CG"
"../data-raw/study2/attempts_MidC2.csv","MidC2",1763584,54142,16,"interactivecountback",29997,4,1,0,1,0,"\({-5\,2^{n-1}}\) is Decreasing and Bounded above","Seed: 2111751705; ans1: ""Decreasing"" [score]; ans2: ""Bounded above"" [score]; prt1: # = 1 | ATAlgEquiv_String | prt1-1-T; prt2: # = 1 | ATAlgEquiv_String | prt2-1-T","",1606198709,719060,0,"todo",NA,1606197732,306,"anonfirstname183","anonlastname183","anon183",1,"Group CG"
"../data-raw/study2/attempts_MidC2.csv","MidC2",1763626,54143,16,"interactivecountback",29997,9,1,0,1,0,"\({-2\,4^{n-1}}\) is Decreasing and Bounded above","Seed: 399679989; ans1: ""Decreasing"" [score]; ans2: ""Bounded above"" [score]; prt1: # = 1 | ATAlgEquiv_String | prt1-1-T; prt2: # = 1 | ATAlgEquiv_String | prt2-1-T","Seed: 399679989; ans1: ""Decreasing"" [score]; ans2: ""Bounded above"" [score]; prt1: # = 1 | ATAlgEquiv_String | prt1-1-T; prt2: # = 1 | ATAlgEquiv_String | prt2-1-T",1606085103,719082,1,"gradedright",1,1606084126,307,"anonfirstname184","anonlastname184","anon184",1,"Group CG"
"../data-raw/study2/attempts_MidC2.csv","MidC2",1763681,54144,16,"interactivecountback",29997,10,1,0,1,0,"\({4\,\left(-3\right)^{n-1}}\) is Neither increasing nor decreasing and Unbounded","Seed: 123877803; ans1: ""Neither increasing nor decreasing"" [score]; ans2: ""Unbounded"" [score]; prt1: # = 1 | ATAlgEquiv_String | prt1-1-T; prt2: # = 1 | ATAlgEquiv_String | prt2-1-T","Seed: 123877803; ans1: ""Neither increasing nor decreasing"" [score]; ans2: ""Unbounded"" [score]; prt1: # = 1 | ATAlgEquiv_String | prt1-1-T; prt2: # = 1 | ATAlgEquiv_String | prt2-1-T",1605795793,719107,1,"gradedright",1,1605794717,308,"anonfirstname185","anonlastname185","anon185",1,"Group CG"
"../data-raw/study2/attempts_MidC2.csv","MidC2",1763790,54146,16,"interactivecountback",29997,2,1,0,1,0,"\({-2\,5^{n-1}}\) is Decreasing and Bounded above","Seed: 1454419938; ans1: ""Decreasing"" [score]; ans2: ""Bounded above"" [score]; prt1: # = 1 | ATAlgEquiv_String | prt1-1-T; prt2: # = 1 | ATAlgEquiv_String | prt2-1-T","Seed: 1454419938; ans1: ""Decreasing"" [score]; ans2: ""Bounded above"" [score]; prt1: # = 1 | ATAlgEquiv_String | prt1-1-T; prt2: # = 1 | ATAlgEquiv_String | prt2-1-T",1606213005,719157,2,"gradedright",1,1606212162,310,"anonfirstname187","anonlastname187","anon187",1,"Group CG"
"../data-raw/study2/attempts_MidC2.csv","MidC2",1758736,54057,16,"interactivecountback",29997,10,1,0,1,0,"\({4\,\left(-3\right)^{n-1}}\) is Neither increasing nor decreasing and Unbounded","Seed: 123877803; ans1: ""Neither increasing nor decreasing"" [score]; ans2: ""Unbounded"" [score]; prt1: # = 1 | ATAlgEquiv_String | prt1-1-T; prt2: # = 1 | ATAlgEquiv_String | prt2-1-T","",1605611014,716731,0,"todo",NA,1605610968,311,"anonfirstname188","anonlastname188","anon188",1,"Group GC"
"../data-raw/study2/attempts_MidC2.csv","MidC2",1759950,54077,16,"interactivecountback",29997,7,1,0,1,0,"\({-5\,\left(-2\right)^{n-1}}\) is Neither increasing nor decreasing and Unbounded","Seed: 1832130200; ans1: ""Neither increasing nor decreasing"" [score]; ans2: ""Unbounded"" [score]; prt1: # = 1 | ATAlgEquiv_String | prt1-1-T; prt2: # = 1 | ATAlgEquiv_String | prt2-1-T","Seed: 1832130200; prt1: !; prt2: !",1605707738,717309,1,"gaveup",NA,1605707737,141,"anonfirstname19","anonlastname19","anon19",1,"Group CG"
"../data-raw/study2/attempts_MidC2.csv","MidC2",1763855,54147,16,"interactivecountback",29997,3,1,0,1,0,"\({-2\,\left(-5\right)^{n-1}}\) is Neither increasing nor decreasing and Unbounded","Seed: 258534682; ans1: ""Neither increasing nor decreasing"" [score]; ans2: ""Unbounded"" [score]; prt1: # = 1 | ATAlgEquiv_String | prt1-1-T; prt2: # = 1 | ATAlgEquiv_String | prt2-1-T","Seed: 258534682; ans1: ""Decreasing"" [score]; ans2: ""Bounded above"" [score]; prt1: # = 0 | ATAlgEquiv_String | prt1-1-F; prt2: # = 0 | ATAlgEquiv_String | prt2-1-F",1607436700,719195,1,"gradedwrong",0,1607436660,314,"anonfirstname191","anonlastname191","anon191",1,"Group CG"
"../data-raw/study2/attempts_MidC2.csv","MidC2",1763899,54148,16,"interactivecountback",29997,4,1,0,1,0,"\({-5\,2^{n-1}}\) is Decreasing and Bounded above","Seed: 2111751705; ans1: ""Decreasing"" [score]; ans2: ""Bounded above"" [score]; prt1: # = 1 | ATAlgEquiv_String | prt1-1-T; prt2: # = 1 | ATAlgEquiv_String | prt2-1-T","Seed: 2111751705; ans1: ""Decreasing"" [score]; ans2: ""Bounded above"" [score]; prt1: # = 1 | ATAlgEquiv_String | prt1-1-T; prt2: # = 1 | ATAlgEquiv_String | prt2-1-T",1606123219,719217,1,"gradedright",1,1606121667,315,"anonfirstname192","anonlastname192","anon192",1,"Group CG"
"../data-raw/study2/attempts_MidC2.csv","MidC2",1763968,54149,16,"interactivecountback",29997,3,1,0,1,0,"\({-2\,\left(-5\right)^{n-1}}\) is Neither increasing nor decreasing and Unbounded","Seed: 258534682; ans1: ""Neither increasing nor decreasing"" [score]; ans2: ""Unbounded"" [score]; prt1: # = 1 | ATAlgEquiv_String | prt1-1-T; prt2: # = 1 | ATAlgEquiv_String | prt2-1-T","Seed: 258534682; ans1: ""Neither increasing nor decreasing"" [score]; ans2: ""Unbounded"" [score]; prt1: # = 1 | ATAlgEquiv_String | prt1-1-T; prt2: # = 1 | ATAlgEquiv_String | prt2-1-T",1605668857,719249,1,"gradedright",1,1605666743,317,"anonfirstname194","anonlastname194","anon194",1,"Group CG"
"../data-raw/study2/attempts_MidC2.csv","MidC2",1758888,54059,26,"interactivecountback",29997,9,0,0,1,0,"\({-2\,4^{n-1}}\) is Decreasing and Bounded above","Seed: 399679989; ans1: ""Decreasing"" [score]; ans2: ""Bounded above"" [score]; prt1: # = 1 | ATAlgEquiv_String | prt1-1-T; prt2: # = 1 | ATAlgEquiv_String | prt2-1-T","Seed: 399679989; ans1: ""Decreasing"" [score]; ans2: ""Bounded below"" [score]; prt1: # = 1 | ATAlgEquiv_String | prt1-1-T; prt2: # = 0 | ATAlgEquiv_String | prt2-1-F",1605550135,716804,1,"gradedpartial",0.5,1605548681,318,"anonfirstname195","anonlastname195","anon195",1,"Group GC"
"../data-raw/study2/attempts_MidC2.csv","MidC2",1758867,54059,16,"interactivecountback",29997,1,1,0,1,0,"\({-2\,\left(-3\right)^{n-1}}\) is Neither increasing nor decreasing and Unbounded","Seed: 1886707239; ans1: ""Neither increasing nor decreasing"" [score]; ans2: ""Unbounded"" [score]; prt1: # = 1 | ATAlgEquiv_String | prt1-1-T; prt2: # = 1 | ATAlgEquiv_String | prt2-1-T","Seed: 1886707239; ans1: ""Neither increasing nor decreasing"" [score]; ans2: ""Unbounded"" [score]; prt1: # = 1 | ATAlgEquiv_String | prt1-1-T; prt2: # = 1 | ATAlgEquiv_String | prt2-1-T",1605550135,716794,1,"gradedright",1,1605548709,318,"anonfirstname195","anonlastname195","anon195",2,"Group GC"
"../data-raw/study2/attempts_MidC2.csv","MidC2",1764029,54150,16,"interactivecountback",29997,2,1,0,1,0,"\({-2\,5^{n-1}}\) is Decreasing and Bounded above","Seed: 1454419938; ans1: ""Decreasing"" [score]; ans2: ""Bounded above"" [score]; prt1: # = 1 | ATAlgEquiv_String | prt1-1-T; prt2: # = 1 | ATAlgEquiv_String | prt2-1-T","Seed: 1454419938; ans1: ""Decreasing"" [score]; ans2: ""Bounded above"" [score]; prt1: # = 1 | ATAlgEquiv_String | prt1-1-T; prt2: # = 1 | ATAlgEquiv_String | prt2-1-T",1606217636,719284,1,"gradedright",1,1606217153,319,"anonfirstname196","anonlastname196","anon196",1,"Group CG"
"../data-raw/study2/attempts_MidC2.csv","MidC2",1764069,54151,16,"interactivecountback",29997,1,1,0,1,0,"\({-2\,\left(-3\right)^{n-1}}\) is Neither increasing nor decreasing and Unbounded","Seed: 1886707239; ans1: ""Neither increasing nor decreasing"" [score]; ans2: ""Unbounded"" [score]; prt1: # = 1 | ATAlgEquiv_String | prt1-1-T; prt2: # = 1 | ATAlgEquiv_String | prt2-1-T","Seed: 1886707239; ans1: ""Increasing"" [score]; ans2: ""Bounded below"" [score]; prt1: # = 0 | ATAlgEquiv_String | prt1-1-F; prt2: # = 0 | ATAlgEquiv_String | prt2-1-F",1606184382,719306,1,"gradedwrong",0,1606183773,320,"anonfirstname197","anonlastname197","anon197",1,"Group CG"
"../data-raw/study2/attempts_MidC2.csv","MidC2",1758914,54060,16,"interactivecountback",29997,5,1,0,1,0,"\({4\,3^{n-1}}\) is Increasing and Bounded below","Seed: 1967851554; ans1: ""Increasing"" [score]; ans2: ""Bounded below"" [score]; prt1: # = 1 | ATAlgEquiv_String | prt1-1-T; prt2: # = 1 | ATAlgEquiv_String | prt2-1-T","",1605582593,716822,0,"todo",NA,1605581448,322,"anonfirstname199","anonlastname199","anon199",1,"Group GC"
"../data-raw/study2/attempts_MidC2.csv","MidC2",1755495,54000,28,"interactivecountback",29997,3,0,0,1,0,"\({-2\,\left(-5\right)^{n-1}}\) is Neither increasing nor decreasing and Unbounded","Seed: 258534682; ans1: ""Neither increasing nor decreasing"" [score]; ans2: ""Unbounded"" [score]; prt1: # = 1 | ATAlgEquiv_String | prt1-1-T; prt2: # = 1 | ATAlgEquiv_String | prt2-1-T","Seed: 258534682; ans1: ""Neither increasing nor decreasing"" [score]; ans2: ""Bounded above"" [score]; prt1: # = 1 | ATAlgEquiv_String | prt1-1-T; prt2: # = 0 | ATAlgEquiv_String | prt2-1-F",1605596272,715193,1,"gradedpartial",0.5,1605540423,142,"anonfirstname20","anonlastname20","anon20",1,"Group GC"
"../data-raw/study2/attempts_MidC2.csv","MidC2",1755497,54000,29,"interactivecountback",29997,2,0,0,1,0,"\({-2\,5^{n-1}}\) is Decreasing and Bounded above","Seed: 1454419938; ans1: ""Decreasing"" [score]; ans2: ""Bounded above"" [score]; prt1: # = 1 | ATAlgEquiv_String | prt1-1-T; prt2: # = 1 | ATAlgEquiv_String | prt2-1-T","Seed: 1454419938; ans1: ""Decreasing"" [score]; ans2: ""Unbounded"" [score]; prt1: # = 1 | ATAlgEquiv_String | prt1-1-T; prt2: # = 0 | ATAlgEquiv_String | prt2-1-F",1605596272,715194,1,"gradedpartial",0.5,1605540862,142,"anonfirstname20","anonlastname20","anon20",2,"Group GC"
"../data-raw/study2/attempts_MidC2.csv","MidC2",1755469,54000,16,"interactivecountback",29997,4,1,0,1,0,"\({-5\,2^{n-1}}\) is Decreasing and Bounded above","Seed: 2111751705; ans1: ""Decreasing"" [score]; ans2: ""Bounded above"" [score]; prt1: # = 1 | ATAlgEquiv_String | prt1-1-T; prt2: # = 1 | ATAlgEquiv_String | prt2-1-T","Seed: 2111751705; ans1: ""Decreasing"" [score]; ans2: ""Bounded above"" [score]; prt1: # = 1 | ATAlgEquiv_String | prt1-1-T; prt2: # = 1 | ATAlgEquiv_String | prt2-1-T",1605596272,715181,1,"gradedright",1,1605541106,142,"anonfirstname20","anonlastname20","anon20",3,"Group GC"
"../data-raw/study2/attempts_MidC2.csv","MidC2",1764238,54154,16,"interactivecountback",29997,8,1,0,1,0,"\({-4\,\left(-3\right)^{n-1}}\) is Neither increasing nor decreasing and Unbounded","Seed: 271527967; ans1: ""Neither increasing nor decreasing"" [score]; ans2: ""Unbounded"" [score]; prt1: # = 1 | ATAlgEquiv_String | prt1-1-T; prt2: # = 1 | ATAlgEquiv_String | prt2-1-T","Seed: 271527967; ans1: ""Neither increasing nor decreasing"" [score]; ans2: ""Unbounded"" [score]; prt1: # = 1 | ATAlgEquiv_String | prt1-1-T; prt2: # = 1 | ATAlgEquiv_String | prt2-1-T",1605528330,719399,1,"gradedright",1,1605527177,324,"anonfirstname201","anonlastname201","anon201",1,"Group CG"
"../data-raw/study2/attempts_MidC2.csv","MidC2",1758988,54061,29,"interactivecountback",29997,2,0,0,1,0,"\({-2\,5^{n-1}}\) is Decreasing and Bounded above","Seed: 1454419938; ans1: ""Decreasing"" [score]; ans2: ""Bounded above"" [score]; prt1: # = 1 | ATAlgEquiv_String | prt1-1-T; prt2: # = 1 | ATAlgEquiv_String | prt2-1-T","Seed: 1454419938; ans1: ""Increasing"" [score]; ans2: ""Bounded below"" [score]; prt1: # = 0 | ATAlgEquiv_String | prt1-1-F; prt2: # = 0 | ATAlgEquiv_String | prt2-1-F",1605543720,716857,1,"gradedwrong",0,1605542879,325,"anonfirstname202","anonlastname202","anon202",1,"Group GC"
"../data-raw/study2/attempts_MidC2.csv","MidC2",1758990,54061,30,"interactivecountback",29997,3,0,0,1,0,"\({-2\,\left(-5\right)^{n-1}}\) is Neither increasing nor decreasing and Unbounded","Seed: 258534682; ans1: ""Neither increasing nor decreasing"" [score]; ans2: ""Unbounded"" [score]; prt1: # = 1 | ATAlgEquiv_String | prt1-1-T; prt2: # = 1 | ATAlgEquiv_String | prt2-1-T","Seed: 258534682; ans1: ""Decreasing"" [score]; ans2: ""Bounded above"" [score]; prt1: # = 0 | ATAlgEquiv_String | prt1-1-F; prt2: # = 0 | ATAlgEquiv_String | prt2-1-F",1605543720,716858,1,"gradedwrong",0,1605542894,325,"anonfirstname202","anonlastname202","anon202",2,"Group GC"
"../data-raw/study2/attempts_MidC2.csv","MidC2",1758992,54061,31,"interactivecountback",29997,7,0,0,1,0,"\({-5\,\left(-2\right)^{n-1}}\) is Neither increasing nor decreasing and Unbounded","Seed: 1832130200; ans1: ""Neither increasing nor decreasing"" [score]; ans2: ""Unbounded"" [score]; prt1: # = 1 | ATAlgEquiv_String | prt1-1-T; prt2: # = 1 | ATAlgEquiv_String | prt2-1-T","Seed: 1832130200; ans1: ""Decreasing"" [score]; ans2: ""Bounded above"" [score]; prt1: # = 0 | ATAlgEquiv_String | prt1-1-F; prt2: # = 0 | ATAlgEquiv_String | prt2-1-F",1605543720,716859,1,"gradedwrong",0,1605542911,325,"anonfirstname202","anonlastname202","anon202",3,"Group GC"
"../data-raw/study2/attempts_MidC2.csv","MidC2",1758959,54061,16,"interactivecountback",29997,1,1,0,1,0,"\({-2\,\left(-3\right)^{n-1}}\) is Neither increasing nor decreasing and Unbounded","Seed: 1886707239; ans1: ""Neither increasing nor decreasing"" [score]; ans2: ""Unbounded"" [score]; prt1: # = 1 | ATAlgEquiv_String | prt1-1-T; prt2: # = 1 | ATAlgEquiv_String | prt2-1-T","Seed: 1886707239; ans1: ""Neither increasing nor decreasing"" [score]; ans2: ""Unbounded"" [score]; prt1: # = 1 | ATAlgEquiv_String | prt1-1-T; prt2: # = 1 | ATAlgEquiv_String | prt2-1-T",1605543720,716844,1,"gradedright",1,1605542923,325,"anonfirstname202","anonlastname202","anon202",4,"Group GC"
"../data-raw/study2/attempts_MidC2.csv","MidC2",1759034,54062,16,"interactivecountback",29997,3,1,0,1,0,"\({-2\,\left(-5\right)^{n-1}}\) is Neither increasing nor decreasing and Unbounded","Seed: 258534682; ans1: ""Neither increasing nor decreasing"" [score]; ans2: ""Unbounded"" [score]; prt1: # = 1 | ATAlgEquiv_String | prt1-1-T; prt2: # = 1 | ATAlgEquiv_String | prt2-1-T","Seed: 258534682; ans1: ""Decreasing"" [score]; ans2: ""Unbounded"" [score]; prt1: # = 0 | ATAlgEquiv_String | prt1-1-F; prt2: # = 1 | ATAlgEquiv_String | prt2-1-T",1605702991,716880,1,"gradedpartial",0.5,1605702918,326,"anonfirstname203","anonlastname203","anon203",1,"Group GC"
"../data-raw/study2/attempts_MidC2.csv","MidC2",1764301,54155,16,"interactivecountback",29997,6,1,0,1,0,"\({\left(-2\right)^{n+1}}\) is Neither increasing nor decreasing and Unbounded","Seed: 71454915; ans1: ""Neither increasing nor decreasing"" [score]; ans2: ""Unbounded"" [score]; prt1: # = 1 | ATAlgEquiv_String | prt1-1-T; prt2: # = 1 | ATAlgEquiv_String | prt2-1-T","Seed: 71454915; ans1: ""Neither increasing nor decreasing"" [score]; ans2: ""Unbounded"" [score]; prt1: # = 1 | ATAlgEquiv_String | prt1-1-T; prt2: # = 1 | ATAlgEquiv_String | prt2-1-T",1605551683,719428,1,"gradedright",1,1605550746,327,"anonfirstname204","anonlastname204","anon204",1,"Group CG"
"../data-raw/study2/attempts_MidC2.csv","MidC2",1759082,54063,16,"interactivecountback",29997,2,1,0,1,0,"\({-2\,5^{n-1}}\) is Decreasing and Bounded above","Seed: 1454419938; ans1: ""Decreasing"" [score]; ans2: ""Bounded above"" [score]; prt1: # = 1 | ATAlgEquiv_String | prt1-1-T; prt2: # = 1 | ATAlgEquiv_String | prt2-1-T","Seed: 1454419938; ans1: ""Decreasing"" [score]; ans2: ""Bounded above"" [score]; prt1: # = 1 | ATAlgEquiv_String | prt1-1-T; prt2: # = 1 | ATAlgEquiv_String | prt2-1-T",1606140697,716903,1,"gradedright",1,1606137479,328,"anonfirstname205","anonlastname205","anon205",1,"Group GC"
"../data-raw/study2/attempts_MidC2.csv","MidC2",1759188,54064,25,"interactivecountback",29997,10,0,0,1,0,"\({4\,\left(-3\right)^{n-1}}\) is Neither increasing nor decreasing and Unbounded","Seed: 123877803; ans1: ""Neither increasing nor decreasing"" [score]; ans2: ""Unbounded"" [score]; prt1: # = 1 | ATAlgEquiv_String | prt1-1-T; prt2: # = 1 | ATAlgEquiv_String | prt2-1-T","Seed: 123877803; ans1: ""Decreasing"" [score]; ans2: ""Bounded below"" [score]; prt1: # = 0 | ATAlgEquiv_String | prt1-1-F; prt2: # = 0 | ATAlgEquiv_String | prt2-1-F",1605804189,716952,1,"gradedwrong",0,1605803022,329,"anonfirstname206","anonlastname206","anon206",1,"Group GC"
"../data-raw/study2/attempts_MidC2.csv","MidC2",1759169,54064,16,"interactivecountback",29997,8,1,0,1,0,"\({-4\,\left(-3\right)^{n-1}}\) is Neither increasing nor decreasing and Unbounded","Seed: 271527967; ans1: ""Neither increasing nor decreasing"" [score]; ans2: ""Unbounded"" [score]; prt1: # = 1 | ATAlgEquiv_String | prt1-1-T; prt2: # = 1 | ATAlgEquiv_String | prt2-1-T","Seed: 271527967; ans1: ""Neither increasing nor decreasing"" [score]; ans2: ""Unbounded"" [score]; prt1: # = 1 | ATAlgEquiv_String | prt1-1-T; prt2: # = 1 | ATAlgEquiv_String | prt2-1-T",1605804189,716943,1,"gradedright",1,1605803059,329,"anonfirstname206","anonlastname206","anon206",2,"Group GC"
"../data-raw/study2/attempts_MidC2.csv","MidC2",1764401,54156,29,"interactivecountback",29997,5,0,0,1,0,"\({4\,3^{n-1}}\) is Increasing and Bounded below","Seed: 1967851554; ans1: ""Increasing"" [score]; ans2: ""Bounded below"" [score]; prt1: # = 1 | ATAlgEquiv_String | prt1-1-T; prt2: # = 1 | ATAlgEquiv_String | prt2-1-T","Seed: 1967851554; ans1: ""Increasing"" [score]; ans2: ""Bounded above"" [score]; prt1: # = 1 | ATAlgEquiv_String | prt1-1-T; prt2: # = 0 | ATAlgEquiv_String | prt2-1-F",1606138137,719471,1,"gradedpartial",0.5,1606136679,331,"anonfirstname208","anonlastname208","anon208",1,"Group CG"
"../data-raw/study2/attempts_MidC2.csv","MidC2",1764403,54156,30,"interactivecountback",29997,1,0,0,1,0,"\({-2\,\left(-3\right)^{n-1}}\) is Neither increasing nor decreasing and Unbounded","Seed: 1886707239; ans1: ""Neither increasing nor decreasing"" [score]; ans2: ""Unbounded"" [score]; prt1: # = 1 | ATAlgEquiv_String | prt1-1-T; prt2: # = 1 | ATAlgEquiv_String | prt2-1-T","Seed: 1886707239; ans1: ""Neither increasing nor decreasing"" [score]; ans2: ""Bounded above and below"" [score]; prt1: # = 1 | ATAlgEquiv_String | prt1-1-T; prt2: # = 0 | ATAlgEquiv_String | prt2-1-F",1606138137,719472,1,"gradedpartial",0.5,1606136699,331,"anonfirstname208","anonlastname208","anon208",2,"Group CG"
"../data-raw/study2/attempts_MidC2.csv","MidC2",1764370,54156,16,"interactivecountback",29997,7,1,0,1,0,"\({-5\,\left(-2\right)^{n-1}}\) is Neither increasing nor decreasing and Unbounded","Seed: 1832130200; ans1: ""Neither increasing nor decreasing"" [score]; ans2: ""Unbounded"" [score]; prt1: # = 1 | ATAlgEquiv_String | prt1-1-T; prt2: # = 1 | ATAlgEquiv_String | prt2-1-T","Seed: 1832130200; ans1: ""Neither increasing nor decreasing"" [score]; ans2: ""Unbounded"" [score]; prt1: # = 1 | ATAlgEquiv_String | prt1-1-T; prt2: # = 1 | ATAlgEquiv_String | prt2-1-T",1606138137,719458,1,"gradedright",1,1606136715,331,"anonfirstname208","anonlastname208","anon208",3,"Group CG"
"../data-raw/study2/attempts_MidC2.csv","MidC2",1759369,54067,27,"interactivecountback",29997,1,0,0,1,0,"\({-2\,\left(-3\right)^{n-1}}\) is Neither increasing nor decreasing and Unbounded","Seed: 1886707239; ans1: ""Neither increasing nor decreasing"" [score]; ans2: ""Unbounded"" [score]; prt1: # = 1 | ATAlgEquiv_String | prt1-1-T; prt2: # = 1 | ATAlgEquiv_String | prt2-1-T","Seed: 1886707239; ans1: ""Neither increasing nor decreasing"" [score]; ans2: ""Bounded above"" [score]; prt1: # = 1 | ATAlgEquiv_String | prt1-1-T; prt2: # = 0 | ATAlgEquiv_String | prt2-1-F",1605540637,717053,1,"gradedpartial",0.5,1605539506,332,"anonfirstname209","anonlastname209","anon209",1,"Group GC"
"../data-raw/study2/attempts_MidC2.csv","MidC2",1759371,54067,28,"interactivecountback",29997,5,0,0,1,0,"\({4\,3^{n-1}}\) is Increasing and Bounded below","Seed: 1967851554; ans1: ""Increasing"" [score]; ans2: ""Bounded below"" [score]; prt1: # = 1 | ATAlgEquiv_String | prt1-1-T; prt2: # = 1 | ATAlgEquiv_String | prt2-1-T","Seed: 1967851554; ans1: ""Neither increasing nor decreasing"" [score]; ans2: ""Unbounded"" [score]; prt1: # = 0 | ATAlgEquiv_String | prt1-1-F; prt2: # = 0 | ATAlgEquiv_String | prt2-1-F",1605540637,717054,1,"gradedwrong",0,1605539518,332,"anonfirstname209","anonlastname209","anon209",2,"Group GC"
"../data-raw/study2/attempts_MidC2.csv","MidC2",1759373,54067,29,"interactivecountback",29997,9,0,0,1,0,"\({-2\,4^{n-1}}\) is Decreasing and Bounded above","Seed: 399679989; ans1: ""Decreasing"" [score]; ans2: ""Bounded above"" [score]; prt1: # = 1 | ATAlgEquiv_String | prt1-1-T; prt2: # = 1 | ATAlgEquiv_String | prt2-1-T","Seed: 399679989; ans1: ""Neither increasing nor decreasing"" [score]; ans2: ""Unbounded"" [score]; prt1: # = 0 | ATAlgEquiv_String | prt1-1-F; prt2: # = 0 | ATAlgEquiv_String | prt2-1-F",1605540637,717055,1,"gradedwrong",0,1605539531,332,"anonfirstname209","anonlastname209","anon209",3,"Group GC"
"../data-raw/study2/attempts_MidC2.csv","MidC2",1759346,54067,16,"interactivecountback",29997,4,1,0,1,0,"\({-5\,2^{n-1}}\) is Decreasing and Bounded above","Seed: 2111751705; ans1: ""Decreasing"" [score]; ans2: ""Bounded above"" [score]; prt1: # = 1 | ATAlgEquiv_String | prt1-1-T; prt2: # = 1 | ATAlgEquiv_String | prt2-1-T","Seed: 2111751705; ans1: ""Decreasing"" [score]; ans2: ""Bounded above"" [score]; prt1: # = 1 | ATAlgEquiv_String | prt1-1-T; prt2: # = 1 | ATAlgEquiv_String | prt2-1-T",1605540637,717042,1,"gradedright",1,1605539556,332,"anonfirstname209","anonlastname209","anon209",4,"Group GC"
"../data-raw/study2/attempts_MidC2.csv","MidC2",1755540,54001,16,"interactivecountback",29997,8,1,0,1,0,"\({-4\,\left(-3\right)^{n-1}}\) is Neither increasing nor decreasing and Unbounded","Seed: 271527967; ans1: ""Neither increasing nor decreasing"" [score]; ans2: ""Unbounded"" [score]; prt1: # = 1 | ATAlgEquiv_String | prt1-1-T; prt2: # = 1 | ATAlgEquiv_String | prt2-1-T","Seed: 271527967; ans1: ""Neither increasing nor decreasing"" [score]; ans2: ""Unbounded"" [score]; prt1: # = 1 | ATAlgEquiv_String | prt1-1-T; prt2: # = 1 | ATAlgEquiv_String | prt2-1-T",1605559565,715213,1,"gradedright",1,1605544869,143,"anonfirstname21","anonlastname21","anon21",1,"Group GC"
"../data-raw/study2/attempts_MidC2.csv","MidC2",1759413,54068,16,"interactivecountback",29997,8,1,0,1,0,"\({-4\,\left(-3\right)^{n-1}}\) is Neither increasing nor decreasing and Unbounded","Seed: 271527967; ans1: ""Neither increasing nor decreasing"" [score]; ans2: ""Unbounded"" [score]; prt1: # = 1 | ATAlgEquiv_String | prt1-1-T; prt2: # = 1 | ATAlgEquiv_String | prt2-1-T","Seed: 271527967; prt1: !; prt2: !",1606082684,717073,1,"gaveup",NA,1606082683,333,"anonfirstname210","anonlastname210","anon210",1,"Group GC"
"../data-raw/study2/attempts_MidC2.csv","MidC2",1759462,54069,16,"interactivecountback",29997,8,1,0,1,0,"\({-4\,\left(-3\right)^{n-1}}\) is Neither increasing nor decreasing and Unbounded","Seed: 271527967; ans1: ""Neither increasing nor decreasing"" [score]; ans2: ""Unbounded"" [score]; prt1: # = 1 | ATAlgEquiv_String | prt1-1-T; prt2: # = 1 | ATAlgEquiv_String | prt2-1-T","Seed: 271527967; prt1: !; prt2: !",1606161442,717095,1,"gaveup",NA,1606161441,333,"anonfirstname210","anonlastname210","anon210",2,"Group GC"
"../data-raw/study2/attempts_MidC2.csv","MidC2",1759512,54070,16,"interactivecountback",29997,8,1,0,1,0,"\({-4\,\left(-3\right)^{n-1}}\) is Neither increasing nor decreasing and Unbounded","Seed: 271527967; ans1: ""Neither increasing nor decreasing"" [score]; ans2: ""Unbounded"" [score]; prt1: # = 1 | ATAlgEquiv_String | prt1-1-T; prt2: # = 1 | ATAlgEquiv_String | prt2-1-T","Seed: 271527967; ans1: ""Neither increasing nor decreasing"" [score]; ans2: ""Unbounded"" [score]; prt1: # = 1 | ATAlgEquiv_String | prt1-1-T; prt2: # = 1 | ATAlgEquiv_String | prt2-1-T",1605880720,717117,1,"gradedright",1,1605809297,334,"anonfirstname211","anonlastname211","anon211",1,"Group GC"
"../data-raw/study2/attempts_MidC2.csv","MidC2",1764508,54158,28,"interactivecountback",29997,2,0,0,1,0,"\({-2\,5^{n-1}}\) is Decreasing and Bounded above","Seed: 1454419938; ans1: ""Decreasing"" [score]; ans2: ""Bounded above"" [score]; prt1: # = 1 | ATAlgEquiv_String | prt1-1-T; prt2: # = 1 | ATAlgEquiv_String | prt2-1-T","Seed: 1454419938; ans1: ""Decreasing"" [score]; ans2: ""Bounded below"" [score]; prt1: # = 1 | ATAlgEquiv_String | prt1-1-T; prt2: # = 0 | ATAlgEquiv_String | prt2-1-F",1606156132,719525,1,"gradedpartial",0.5,1606153918,337,"anonfirstname214","anonlastname214","anon214",1,"Group CG"
"../data-raw/study2/attempts_MidC2.csv","MidC2",1764510,54158,29,"interactivecountback",29997,5,0,0,1,0,"\({4\,3^{n-1}}\) is Increasing and Bounded below","Seed: 1967851554; ans1: ""Increasing"" [score]; ans2: ""Bounded below"" [score]; prt1: # = 1 | ATAlgEquiv_String | prt1-1-T; prt2: # = 1 | ATAlgEquiv_String | prt2-1-T","Seed: 1967851554; ans1: ""Increasing"" [score]; ans2: ""Bounded above"" [score]; prt1: # = 1 | ATAlgEquiv_String | prt1-1-T; prt2: # = 0 | ATAlgEquiv_String | prt2-1-F",1606156132,719526,1,"gradedpartial",0.5,1606154035,337,"anonfirstname214","anonlastname214","anon214",2,"Group CG"
"../data-raw/study2/attempts_MidC2.csv","MidC2",1764512,54158,30,"interactivecountback",29997,6,0,0,1,0,"\({\left(-2\right)^{n+1}}\) is Neither increasing nor decreasing and Unbounded","Seed: 71454915; ans1: ""Neither increasing nor decreasing"" [score]; ans2: ""Unbounded"" [score]; prt1: # = 1 | ATAlgEquiv_String | prt1-1-T; prt2: # = 1 | ATAlgEquiv_String | prt2-1-T","Seed: 71454915; ans1: ""Neither increasing nor decreasing"" [score]; ans2: ""Bounded above and below"" [score]; prt1: # = 1 | ATAlgEquiv_String | prt1-1-T; prt2: # = 0 | ATAlgEquiv_String | prt2-1-F",1606156132,719527,1,"gradedpartial",0.5,1606154083,337,"anonfirstname214","anonlastname214","anon214",3,"Group CG"
"../data-raw/study2/attempts_MidC2.csv","MidC2",1764482,54158,16,"interactivecountback",29997,4,1,0,1,0,"\({-5\,2^{n-1}}\) is Decreasing and Bounded above","Seed: 2111751705; ans1: ""Decreasing"" [score]; ans2: ""Bounded above"" [score]; prt1: # = 1 | ATAlgEquiv_String | prt1-1-T; prt2: # = 1 | ATAlgEquiv_String | prt2-1-T","Seed: 2111751705; ans1: ""Decreasing"" [score]; ans2: ""Bounded above"" [score]; prt1: # = 1 | ATAlgEquiv_String | prt1-1-T; prt2: # = 1 | ATAlgEquiv_String | prt2-1-T",1606156132,719513,1,"gradedright",1,1606154127,337,"anonfirstname214","anonlastname214","anon214",4,"Group CG"
"../data-raw/study2/attempts_MidC2.csv","MidC2",1764557,54159,16,"interactivecountback",29997,4,1,0,1,0,"\({-5\,2^{n-1}}\) is Decreasing and Bounded above","Seed: 2111751705; ans1: ""Decreasing"" [score]; ans2: ""Bounded above"" [score]; prt1: # = 1 | ATAlgEquiv_String | prt1-1-T; prt2: # = 1 | ATAlgEquiv_String | prt2-1-T","Seed: 2111751705; ans1: ""Decreasing"" [score]; ans2: ""Bounded above"" [score]; prt1: # = 1 | ATAlgEquiv_String | prt1-1-T; prt2: # = 1 | ATAlgEquiv_String | prt2-1-T",1605804491,719547,1,"gradedright",1,1605803058,338,"anonfirstname215","anonlastname215","anon215",1,"Group CG"
"../data-raw/study2/attempts_MidC2.csv","MidC2",1764610,54160,16,"interactivecountback",29997,9,1,0,1,0,"\({-2\,4^{n-1}}\) is Decreasing and Bounded above","Seed: 399679989; ans1: ""Decreasing"" [score]; ans2: ""Bounded above"" [score]; prt1: # = 1 | ATAlgEquiv_String | prt1-1-T; prt2: # = 1 | ATAlgEquiv_String | prt2-1-T","",1607175202,719578,0,"todo",NA,1607099063,339,"anonfirstname216","anonlastname216","anon216",1,"Group CG"
"../data-raw/study2/attempts_MidC2.csv","MidC2",1759643,54072,16,"interactivecountback",29997,10,1,0,1,0,"\({4\,\left(-3\right)^{n-1}}\) is Neither increasing nor decreasing and Unbounded","Seed: 123877803; ans1: ""Neither increasing nor decreasing"" [score]; ans2: ""Unbounded"" [score]; prt1: # = 1 | ATAlgEquiv_String | prt1-1-T; prt2: # = 1 | ATAlgEquiv_String | prt2-1-T","Seed: 123877803; ans1: ""Neither increasing nor decreasing"" [score]; ans2: ""Unbounded"" [score]; prt1: # = 1 | ATAlgEquiv_String | prt1-1-T; prt2: # = 1 | ATAlgEquiv_String | prt2-1-T",1605822750,717174,1,"gradedright",1,1605820558,341,"anonfirstname218","anonlastname218","anon218",1,"Group GC"
"../data-raw/study2/attempts_MidC2.csv","MidC2",1759715,54073,16,"interactivecountback",29997,10,1,0,1,0,"\({4\,\left(-3\right)^{n-1}}\) is Neither increasing nor decreasing and Unbounded","Seed: 123877803; ans1: ""Neither increasing nor decreasing"" [score]; ans2: ""Unbounded"" [score]; prt1: # = 1 | ATAlgEquiv_String | prt1-1-T; prt2: # = 1 | ATAlgEquiv_String | prt2-1-T","Seed: 123877803; ans1: ""Neither increasing nor decreasing"" [score]; ans2: ""Unbounded"" [score]; prt1: # = 1 | ATAlgEquiv_String | prt1-1-T; prt2: # = 1 | ATAlgEquiv_String | prt2-1-T",1605639951,717206,1,"gradedright",1,1605638114,344,"anonfirstname221","anonlastname221","anon221",1,"Group GC"
"../data-raw/study2/attempts_MidC2.csv","MidC2",1760041,54079,16,"interactivecountback",29997,6,1,0,1,0,"\({\left(-2\right)^{n+1}}\) is Neither increasing nor decreasing and Unbounded","Seed: 71454915; ans1: ""Neither increasing nor decreasing"" [score]; ans2: ""Unbounded"" [score]; prt1: # = 1 | ATAlgEquiv_String | prt1-1-T; prt2: # = 1 | ATAlgEquiv_String | prt2-1-T","Seed: 71454915; prt1: !; prt2: !",1606839766,717353,1,"gaveup",NA,1606839765,145,"anonfirstname23","anonlastname23","anon23",1,"Group CG"
"../data-raw/study2/attempts_MidC2.csv","MidC2",1755608,54002,16,"interactivecountback",29997,7,1,0,1,0,"\({-5\,\left(-2\right)^{n-1}}\) is Neither increasing nor decreasing and Unbounded","Seed: 1832130200; ans1: ""Neither increasing nor decreasing"" [score]; ans2: ""Unbounded"" [score]; prt1: # = 1 | ATAlgEquiv_String | prt1-1-T; prt2: # = 1 | ATAlgEquiv_String | prt2-1-T","Seed: 1832130200; ans1: ""Neither increasing nor decreasing"" [score]; ans2: ""Unbounded"" [score]; prt1: # = 1 | ATAlgEquiv_String | prt1-1-T; prt2: # = 1 | ATAlgEquiv_String | prt2-1-T",1605633314,715243,1,"gradedright",1,1605631065,146,"anonfirstname24","anonlastname24","anon24",1,"Group GC"
"../data-raw/study2/attempts_MidC2.csv","MidC2",1755676,54003,16,"interactivecountback",29997,3,1,0,1,0,"\({-2\,\left(-5\right)^{n-1}}\) is Neither increasing nor decreasing and Unbounded","Seed: 258534682; ans1: ""Neither increasing nor decreasing"" [score]; ans2: ""Unbounded"" [score]; prt1: # = 1 | ATAlgEquiv_String | prt1-1-T; prt2: # = 1 | ATAlgEquiv_String | prt2-1-T","Seed: 258534682; ans1: ""Neither increasing nor decreasing"" [score]; ans2: ""Unbounded"" [score]; prt1: # = 1 | ATAlgEquiv_String | prt1-1-T; prt2: # = 1 | ATAlgEquiv_String | prt2-1-T",1605879726,715273,1,"gradedright",1,1605877539,147,"anonfirstname25","anonlastname25","anon25",1,"Group GC"
"../data-raw/study2/attempts_MidC2.csv","MidC2",1760090,54080,16,"interactivecountback",29997,2,1,0,1,0,"\({-2\,5^{n-1}}\) is Decreasing and Bounded above","Seed: 1454419938; ans1: ""Decreasing"" [score]; ans2: ""Bounded above"" [score]; prt1: # = 1 | ATAlgEquiv_String | prt1-1-T; prt2: # = 1 | ATAlgEquiv_String | prt2-1-T","Seed: 1454419938; ans1: ""Decreasing"" [score]; prt1: # = 1 | ATAlgEquiv_String | prt1-1-T; prt2: !",1605873597,717375,2,"gradedpartial",0.5,1605873597,148,"anonfirstname26","anonlastname26","anon26",1,"Group CG"
"../data-raw/study2/attempts_MidC2.csv","MidC2",1755755,54004,16,"interactivecountback",29997,9,1,0,1,0,"\({-2\,4^{n-1}}\) is Decreasing and Bounded above","Seed: 399679989; ans1: ""Decreasing"" [score]; ans2: ""Bounded above"" [score]; prt1: # = 1 | ATAlgEquiv_String | prt1-1-T; prt2: # = 1 | ATAlgEquiv_String | prt2-1-T","Seed: 399679989; ans1: ""Decreasing"" [score]; ans2: ""Bounded above"" [score]; prt1: # = 1 | ATAlgEquiv_String | prt1-1-T; prt2: # = 1 | ATAlgEquiv_String | prt2-1-T",1605554546,715307,1,"gradedright",1,1605553117,150,"anonfirstname28","anonlastname28","anon28",1,"Group GC"
"../data-raw/study2/attempts_MidC2.csv","MidC2",1755148,53995,16,"interactivecountback",29997,9,1,0,1,0,"\({-2\,4^{n-1}}\) is Decreasing and Bounded above","Seed: 399679989; ans1: ""Decreasing"" [score]; ans2: ""Bounded above"" [score]; prt1: # = 1 | ATAlgEquiv_String | prt1-1-T; prt2: # = 1 | ATAlgEquiv_String | prt2-1-T","Seed: 399679989; ans1: ""Decreasing"" [score]; ans2: ""Bounded above"" [score]; prt1: # = 1 | ATAlgEquiv_String | prt1-1-T; prt2: # = 1 | ATAlgEquiv_String | prt2-1-T",1606142045,715038,1,"gradedright",1,1606141202,125,"anonfirstname3","anonlastname3","anon3",1,"Group GC"
"../data-raw/study2/attempts_MidC2.csv","MidC2",1760202,54082,16,"interactivecountback",29997,2,1,0,1,0,"\({-2\,5^{n-1}}\) is Decreasing and Bounded above","Seed: 1454419938; ans1: ""Decreasing"" [score]; ans2: ""Bounded above"" [score]; prt1: # = 1 | ATAlgEquiv_String | prt1-1-T; prt2: # = 1 | ATAlgEquiv_String | prt2-1-T","Seed: 1454419938; ans1: ""Decreasing"" [score]; ans2: ""Bounded above"" [score]; prt1: # = 1 | ATAlgEquiv_String | prt1-1-T; prt2: # = 1 | ATAlgEquiv_String | prt2-1-T",1605535719,717426,1,"gradedright",1,1605533743,153,"anonfirstname31","anonlastname31","anon31",1,"Group CG"
"../data-raw/study2/attempts_MidC2.csv","MidC2",1760268,54083,16,"interactivecountback",29997,4,1,0,1,0,"\({-5\,2^{n-1}}\) is Decreasing and Bounded above","Seed: 2111751705; ans1: ""Decreasing"" [score]; ans2: ""Bounded above"" [score]; prt1: # = 1 | ATAlgEquiv_String | prt1-1-T; prt2: # = 1 | ATAlgEquiv_String | prt2-1-T","Seed: 2111751705; ans1: ""Decreasing"" [score]; ans2: ""Bounded above"" [score]; prt1: # = 1 | ATAlgEquiv_String | prt1-1-T; prt2: # = 1 | ATAlgEquiv_String | prt2-1-T",1605709457,717456,1,"gradedright",1,1605708356,154,"anonfirstname32","anonlastname32","anon32",1,"Group CG"
"../data-raw/study2/attempts_MidC2.csv","MidC2",1760333,54084,16,"interactivecountback",29997,6,1,0,1,0,"\({\left(-2\right)^{n+1}}\) is Neither increasing nor decreasing and Unbounded","Seed: 71454915; ans1: ""Neither increasing nor decreasing"" [score]; ans2: ""Unbounded"" [score]; prt1: # = 1 | ATAlgEquiv_String | prt1-1-T; prt2: # = 1 | ATAlgEquiv_String | prt2-1-T","Seed: 71454915; ans1: ""Neither increasing nor decreasing"" [score]; ans2: ""Unbounded"" [score]; prt1: # = 1 | ATAlgEquiv_String | prt1-1-T; prt2: # = 1 | ATAlgEquiv_String | prt2-1-T",1605604718,717484,1,"gradedright",1,1605603904,155,"anonfirstname33","anonlastname33","anon33",1,"Group CG"
"../data-raw/study2/attempts_MidC2.csv","MidC2",1755900,54006,31,"interactivecountback",29997,2,0,0,1,0,"\({-2\,5^{n-1}}\) is Decreasing and Bounded above","Seed: 1454419938; ans1: ""Decreasing"" [score]; ans2: ""Bounded above"" [score]; prt1: # = 1 | ATAlgEquiv_String | prt1-1-T; prt2: # = 1 | ATAlgEquiv_String | prt2-1-T","Seed: 1454419938; ans1: ""Increasing"" [score]; ans2: ""Unbounded"" [score]; prt1: # = 0 | ATAlgEquiv_String | prt1-1-F; prt2: # = 0 | ATAlgEquiv_String | prt2-1-F",1605611460,715368,1,"gradedwrong",0,1605610643,158,"anonfirstname36","anonlastname36","anon36",1,"Group GC"
"../data-raw/study2/attempts_MidC2.csv","MidC2",1755868,54006,16,"interactivecountback",29997,4,1,0,1,0,"\({-5\,2^{n-1}}\) is Decreasing and Bounded above","Seed: 2111751705; ans1: ""Decreasing"" [score]; ans2: ""Bounded above"" [score]; prt1: # = 1 | ATAlgEquiv_String | prt1-1-T; prt2: # = 1 | ATAlgEquiv_String | prt2-1-T","Seed: 2111751705; ans1: ""Decreasing"" [score]; ans2: ""Bounded above"" [score]; prt1: # = 1 | ATAlgEquiv_String | prt1-1-T; prt2: # = 1 | ATAlgEquiv_String | prt2-1-T",1605611460,715353,1,"gradedright",1,1605610669,158,"anonfirstname36","anonlastname36","anon36",2,"Group GC"
"../data-raw/study2/attempts_MidC2.csv","MidC2",1755951,54007,16,"interactivecountback",29997,6,1,0,1,0,"\({\left(-2\right)^{n+1}}\) is Neither increasing nor decreasing and Unbounded","Seed: 71454915; ans1: ""Neither increasing nor decreasing"" [score]; ans2: ""Unbounded"" [score]; prt1: # = 1 | ATAlgEquiv_String | prt1-1-T; prt2: # = 1 | ATAlgEquiv_String | prt2-1-T","Seed: 71454915; ans1: ""Neither increasing nor decreasing"" [score]; ans2: ""Unbounded"" [score]; prt1: # = 1 | ATAlgEquiv_String | prt1-1-T; prt2: # = 1 | ATAlgEquiv_String | prt2-1-T",1605546183,715388,1,"gradedright",1,1605544418,160,"anonfirstname38","anonlastname38","anon38",1,"Group GC"
"../data-raw/study2/attempts_MidC2.csv","MidC2",1760421,54086,16,"interactivecountback",29997,9,1,0,1,0,"\({-2\,4^{n-1}}\) is Decreasing and Bounded above","Seed: 399679989; ans1: ""Decreasing"" [score]; ans2: ""Bounded above"" [score]; prt1: # = 1 | ATAlgEquiv_String | prt1-1-T; prt2: # = 1 | ATAlgEquiv_String | prt2-1-T","",1607433331,717539,0,"todo",NA,1607432727,161,"anonfirstname39","anonlastname39","anon39",1,"Group CG"
"../data-raw/study2/attempts_MidC2.csv","MidC2",1760466,54087,16,"interactivecountback",29997,1,1,0,1,0,"\({-2\,\left(-3\right)^{n-1}}\) is Neither increasing nor decreasing and Unbounded","Seed: 1886707239; ans1: ""Neither increasing nor decreasing"" [score]; ans2: ""Unbounded"" [score]; prt1: # = 1 | ATAlgEquiv_String | prt1-1-T; prt2: # = 1 | ATAlgEquiv_String | prt2-1-T","Seed: 1886707239; prt1: !; prt2: !",1606142038,717561,1,"gaveup",NA,1606142038,162,"anonfirstname40","anonlastname40","anon40",1,"Group CG"
"../data-raw/study2/attempts_MidC2.csv","MidC2",1756014,54008,16,"interactivecountback",29997,10,1,0,1,0,"\({4\,\left(-3\right)^{n-1}}\) is Neither increasing nor decreasing and Unbounded","Seed: 123877803; ans1: ""Neither increasing nor decreasing"" [score]; ans2: ""Unbounded"" [score]; prt1: # = 1 | ATAlgEquiv_String | prt1-1-T; prt2: # = 1 | ATAlgEquiv_String | prt2-1-T","Seed: 123877803; ans1: ""Neither increasing nor decreasing"" [score]; ans2: ""Unbounded"" [score]; prt1: # = 1 | ATAlgEquiv_String | prt1-1-T; prt2: # = 1 | ATAlgEquiv_String | prt2-1-T",1605882492,715415,1,"gradedright",1,1605881573,163,"anonfirstname41","anonlastname41","anon41",1,"Group GC"
"../data-raw/study2/attempts_MidC2.csv","MidC2",1756069,54009,16,"interactivecountback",29997,10,1,0,1,0,"\({4\,\left(-3\right)^{n-1}}\) is Neither increasing nor decreasing and Unbounded","Seed: 123877803; ans1: ""Neither increasing nor decreasing"" [score]; ans2: ""Unbounded"" [score]; prt1: # = 1 | ATAlgEquiv_String | prt1-1-T; prt2: # = 1 | ATAlgEquiv_String | prt2-1-T","Seed: 123877803; ans1: ""Neither increasing nor decreasing"" [score]; ans2: ""Unbounded"" [score]; prt1: # = 1 | ATAlgEquiv_String | prt1-1-T; prt2: # = 1 | ATAlgEquiv_String | prt2-1-T",1605536984,715440,1,"gradedright",1,1605535251,166,"anonfirstname44","anonlastname44","anon44",1,"Group GC"
"../data-raw/study2/attempts_MidC2.csv","MidC2",1760515,54088,16,"interactivecountback",29997,2,1,0,1,0,"\({-2\,5^{n-1}}\) is Decreasing and Bounded above","Seed: 1454419938; ans1: ""Decreasing"" [score]; ans2: ""Bounded above"" [score]; prt1: # = 1 | ATAlgEquiv_String | prt1-1-T; prt2: # = 1 | ATAlgEquiv_String | prt2-1-T","Seed: 1454419938; ans1: ""Decreasing"" [score]; ans2: ""Bounded above"" [score]; prt1: # = 1 | ATAlgEquiv_String | prt1-1-T; prt2: # = 1 | ATAlgEquiv_String | prt2-1-T",1606160485,717583,1,"gradedright",1,1606155484,168,"anonfirstname46","anonlastname46","anon46",1,"Group CG"
"../data-raw/study2/attempts_MidC2.csv","MidC2",1756174,54011,16,"interactivecountback",29997,8,1,0,1,0,"\({-4\,\left(-3\right)^{n-1}}\) is Neither increasing nor decreasing and Unbounded","Seed: 271527967; ans1: ""Neither increasing nor decreasing"" [score]; ans2: ""Unbounded"" [score]; prt1: # = 1 | ATAlgEquiv_String | prt1-1-T; prt2: # = 1 | ATAlgEquiv_String | prt2-1-T","",1606135203,715497,0,"todo",NA,1606134686,174,"anonfirstname52","anonlastname52","anon52",1,"Group GC"
"../data-raw/study2/attempts_MidC2.csv","MidC2",1760728,54092,16,"interactivecountback",29997,6,1,0,1,0,"\({\left(-2\right)^{n+1}}\) is Neither increasing nor decreasing and Unbounded","Seed: 71454915; ans1: ""Neither increasing nor decreasing"" [score]; ans2: ""Unbounded"" [score]; prt1: # = 1 | ATAlgEquiv_String | prt1-1-T; prt2: # = 1 | ATAlgEquiv_String | prt2-1-T","",1606350918,717682,0,"todo",NA,1606350917,178,"anonfirstname56","anonlastname56","anon56",1,"Group CG"
"../data-raw/study2/attempts_MidC2.csv","MidC2",1756272,54013,16,"interactivecountback",29997,4,1,0,1,0,"\({-5\,2^{n-1}}\) is Decreasing and Bounded above","Seed: 2111751705; ans1: ""Decreasing"" [score]; ans2: ""Bounded above"" [score]; prt1: # = 1 | ATAlgEquiv_String | prt1-1-T; prt2: # = 1 | ATAlgEquiv_String | prt2-1-T","Seed: 2111751705; ans1: ""Decreasing"" [score]; ans2: ""Bounded above"" [score]; prt1: # = 1 | ATAlgEquiv_String | prt1-1-T; prt2: # = 1 | ATAlgEquiv_String | prt2-1-T",1606155005,715550,1,"gradedright",1,1606151040,179,"anonfirstname57","anonlastname57","anon57",1,"Group GC"
"../data-raw/study2/attempts_MidC2.csv","MidC2",1756322,54014,16,"interactivecountback",29997,8,1,0,1,0,"\({-4\,\left(-3\right)^{n-1}}\) is Neither increasing nor decreasing and Unbounded","Seed: 271527967; ans1: ""Neither increasing nor decreasing"" [score]; ans2: ""Unbounded"" [score]; prt1: # = 1 | ATAlgEquiv_String | prt1-1-T; prt2: # = 1 | ATAlgEquiv_String | prt2-1-T","Seed: 271527967; ans1: ""Neither increasing nor decreasing"" [score]; ans2: ""Unbounded"" [score]; prt1: # = 1 | ATAlgEquiv_String | prt1-1-T; prt2: # = 1 | ATAlgEquiv_String | prt2-1-T",1605611140,715572,1,"gradedright",1,1605609988,181,"anonfirstname59","anonlastname59","anon59",1,"Group GC"
"../data-raw/study2/attempts_MidC2.csv","MidC2",1755258,53997,16,"interactivecountback",29997,10,1,0,1,0,"\({4\,\left(-3\right)^{n-1}}\) is Neither increasing nor decreasing and Unbounded","Seed: 123877803; ans1: ""Neither increasing nor decreasing"" [score]; ans2: ""Unbounded"" [score]; prt1: # = 1 | ATAlgEquiv_String | prt1-1-T; prt2: # = 1 | ATAlgEquiv_String | prt2-1-T","Seed: 123877803; ans1: ""Neither increasing nor decreasing"" [score]; ans2: ""Unbounded"" [score]; prt1: # = 1 | ATAlgEquiv_String | prt1-1-T; prt2: # = 1 | ATAlgEquiv_String | prt2-1-T",1605906834,715093,1,"gradedright",1,1605906138,128,"anonfirstname6","anonlastname6","anon6",1,"Group GC"
"../data-raw/study2/attempts_MidC2.csv","MidC2",1756385,54015,16,"interactivecountback",29997,5,1,0,1,0,"\({4\,3^{n-1}}\) is Increasing and Bounded below","Seed: 1967851554; ans1: ""Increasing"" [score]; ans2: ""Bounded below"" [score]; prt1: # = 1 | ATAlgEquiv_String | prt1-1-T; prt2: # = 1 | ATAlgEquiv_String | prt2-1-T","Seed: 1967851554; ans1: ""Increasing"" [score]; ans2: ""Bounded below"" [score]; prt1: # = 1 | ATAlgEquiv_String | prt1-1-T; prt2: # = 1 | ATAlgEquiv_String | prt2-1-T",1605643105,715600,1,"gradedright",1,1605640785,182,"anonfirstname60","anonlastname60","anon60",1,"Group GC"
"../data-raw/study2/attempts_MidC2.csv","MidC2",1756428,54016,16,"interactivecountback",29997,5,1,0,1,0,"\({4\,3^{n-1}}\) is Increasing and Bounded below","Seed: 1967851554; ans1: ""Increasing"" [score]; ans2: ""Bounded below"" [score]; prt1: # = 1 | ATAlgEquiv_String | prt1-1-T; prt2: # = 1 | ATAlgEquiv_String | prt2-1-T","",1605940477,715629,0,"complete",NA,1605940476,182,"anonfirstname60","anonlastname60","anon60",2,"Group GC"
"../data-raw/study2/attempts_MidC2.csv","MidC2",1760795,54093,27,"interactivecountback",29997,4,0,0,1,0,"\({-5\,2^{n-1}}\) is Decreasing and Bounded above","Seed: 2111751705; ans1: ""Decreasing"" [score]; ans2: ""Bounded above"" [score]; prt1: # = 1 | ATAlgEquiv_String | prt1-1-T; prt2: # = 1 | ATAlgEquiv_String | prt2-1-T","Seed: 2111751705; ans1: ""Decreasing"" [score]; ans2: ""Unbounded"" [score]; prt1: # = 1 | ATAlgEquiv_String | prt1-1-T; prt2: # = 0 | ATAlgEquiv_String | prt2-1-F",1606001466,717718,1,"gradedpartial",0.5,1606001374,183,"anonfirstname61","anonlastname61","anon61",1,"Group CG"
"../data-raw/study2/attempts_MidC2.csv","MidC2",1760772,54093,16,"interactivecountback",29997,5,1,0,1,0,"\({4\,3^{n-1}}\) is Increasing and Bounded below","Seed: 1967851554; ans1: ""Increasing"" [score]; ans2: ""Bounded below"" [score]; prt1: # = 1 | ATAlgEquiv_String | prt1-1-T; prt2: # = 1 | ATAlgEquiv_String | prt2-1-T","Seed: 1967851554; ans1: ""Increasing"" [score]; ans2: ""Bounded below"" [score]; prt1: # = 1 | ATAlgEquiv_String | prt1-1-T; prt2: # = 1 | ATAlgEquiv_String | prt2-1-T",1606231037,717707,1,"gradedright",1,1606001497,183,"anonfirstname61","anonlastname61","anon61",2,"Group CG"
"../data-raw/study2/attempts_MidC2.csv","MidC2",1756519,54017,30,"interactivecountback",29997,8,0,0,1,0,"\({-4\,\left(-3\right)^{n-1}}\) is Neither increasing nor decreasing and Unbounded","Seed: 271527967; ans1: ""Neither increasing nor decreasing"" [score]; ans2: ""Unbounded"" [score]; prt1: # = 1 | ATAlgEquiv_String | prt1-1-T; prt2: # = 1 | ATAlgEquiv_String | prt2-1-T","Seed: 271527967; ans1: ""Decreasing"" [score]; ans2: ""Bounded below"" [score]; prt1: # = 0 | ATAlgEquiv_String | prt1-1-F; prt2: # = 0 | ATAlgEquiv_String | prt2-1-F",1605968050,715672,2,"gradedwrong",0,1605968046,185,"anonfirstname63","anonlastname63","anon63",1,"Group GC"
"../data-raw/study2/attempts_MidC2.csv","MidC2",1756531,54017,34,"interactivecountback",29997,3,0,0,1,0,"\({-2\,\left(-5\right)^{n-1}}\) is Neither increasing nor decreasing and Unbounded","Seed: 258534682; ans1: ""Neither increasing nor decreasing"" [score]; ans2: ""Unbounded"" [score]; prt1: # = 1 | ATAlgEquiv_String | prt1-1-T; prt2: # = 1 | ATAlgEquiv_String | prt2-1-T","Seed: 258534682; ans1: ""Increasing"" [score]; ans2: ""Bounded below"" [score]; prt1: # = 0 | ATAlgEquiv_String | prt1-1-F; prt2: # = 0 | ATAlgEquiv_String | prt2-1-F",1605970630,715676,1,"gradedwrong",0,1605970624,185,"anonfirstname63","anonlastname63","anon63",2,"Group GC"
"../data-raw/study2/attempts_MidC2.csv","MidC2",1756480,54017,16,"interactivecountback",29997,10,1,0,1,0,"\({4\,\left(-3\right)^{n-1}}\) is Neither increasing nor decreasing and Unbounded","Seed: 123877803; ans1: ""Neither increasing nor decreasing"" [score]; ans2: ""Unbounded"" [score]; prt1: # = 1 | ATAlgEquiv_String | prt1-1-T; prt2: # = 1 | ATAlgEquiv_String | prt2-1-T","Seed: 123877803; ans1: ""Neither increasing nor decreasing"" [score]; ans2: ""Unbounded"" [score]; prt1: # = 1 | ATAlgEquiv_String | prt1-1-T; prt2: # = 1 | ATAlgEquiv_String | prt2-1-T",1606111734,715658,1,"gradedright",1,1605970641,185,"anonfirstname63","anonlastname63","anon63",3,"Group GC"
"../data-raw/study2/attempts_MidC2.csv","MidC2",1756577,54018,16,"interactivecountback",29997,3,1,0,1,0,"\({-2\,\left(-5\right)^{n-1}}\) is Neither increasing nor decreasing and Unbounded","Seed: 258534682; ans1: ""Neither increasing nor decreasing"" [score]; ans2: ""Unbounded"" [score]; prt1: # = 1 | ATAlgEquiv_String | prt1-1-T; prt2: # = 1 | ATAlgEquiv_String | prt2-1-T","Seed: 258534682; ans1: ""Neither increasing nor decreasing"" [score]; ans2: ""Unbounded"" [score]; prt1: # = 1 | ATAlgEquiv_String | prt1-1-T; prt2: # = 1 | ATAlgEquiv_String | prt2-1-T",1606073912,715696,1,"gradedright",1,1606073461,187,"anonfirstname65","anonlastname65","anon65",1,"Group GC"
"../data-raw/study2/attempts_MidC2.csv","MidC2",1756643,54019,16,"interactivecountback",29997,6,1,0,1,0,"\({\left(-2\right)^{n+1}}\) is Neither increasing nor decreasing and Unbounded","Seed: 71454915; ans1: ""Neither increasing nor decreasing"" [score]; ans2: ""Unbounded"" [score]; prt1: # = 1 | ATAlgEquiv_String | prt1-1-T; prt2: # = 1 | ATAlgEquiv_String | prt2-1-T","Seed: 71454915; ans1: ""Neither increasing nor decreasing"" [score]; ans2: ""Unbounded"" [score]; prt1: # = 1 | ATAlgEquiv_String | prt1-1-T; prt2: # = 1 | ATAlgEquiv_String | prt2-1-T",1605555628,715726,1,"gradedright",1,1605554449,188,"anonfirstname66","anonlastname66","anon66",1,"Group GC"
"../data-raw/study2/attempts_MidC2.csv","MidC2",1756702,54020,16,"interactivecountback",29997,4,1,0,1,0,"\({-5\,2^{n-1}}\) is Decreasing and Bounded above","Seed: 2111751705; ans1: ""Decreasing"" [score]; ans2: ""Bounded above"" [score]; prt1: # = 1 | ATAlgEquiv_String | prt1-1-T; prt2: # = 1 | ATAlgEquiv_String | prt2-1-T","Seed: 2111751705; ans1: ""Decreasing"" [score]; ans2: ""Bounded above"" [score]; prt1: # = 1 | ATAlgEquiv_String | prt1-1-T; prt2: # = 1 | ATAlgEquiv_String | prt2-1-T",1605880721,715753,1,"gradedright",1,1605880235,189,"anonfirstname67","anonlastname67","anon67",1,"Group GC"
"../data-raw/study2/attempts_MidC2.csv","MidC2",1760871,54095,16,"interactivecountback",29997,4,1,0,1,0,"\({-5\,2^{n-1}}\) is Decreasing and Bounded above","Seed: 2111751705; ans1: ""Decreasing"" [score]; ans2: ""Bounded above"" [score]; prt1: # = 1 | ATAlgEquiv_String | prt1-1-T; prt2: # = 1 | ATAlgEquiv_String | prt2-1-T","Seed: 2111751705; ans1: ""Increasing"" [score]; ans2: ""Bounded above"" [score]; prt1: # = 0 | ATAlgEquiv_String | prt1-1-F; prt2: # = 1 | ATAlgEquiv_String | prt2-1-T",1606075720,717761,1,"gradedpartial",0.5,1606074993,191,"anonfirstname69","anonlastname69","anon69",1,"Group CG"
"../data-raw/study2/attempts_MidC2.csv","MidC2",1756823,54022,16,"interactivecountback",29997,8,1,0,1,0,"\({-4\,\left(-3\right)^{n-1}}\) is Neither increasing nor decreasing and Unbounded","Seed: 271527967; ans1: ""Neither increasing nor decreasing"" [score]; ans2: ""Unbounded"" [score]; prt1: # = 1 | ATAlgEquiv_String | prt1-1-T; prt2: # = 1 | ATAlgEquiv_String | prt2-1-T","",1607272599,715812,0,"todo",NA,1606158658,193,"anonfirstname71","anonlastname71","anon71",1,"Group GC"
"../data-raw/study2/attempts_MidC2.csv","MidC2",1756871,54023,16,"interactivecountback",29997,4,1,0,1,0,"\({-5\,2^{n-1}}\) is Decreasing and Bounded above","Seed: 2111751705; ans1: ""Decreasing"" [score]; ans2: ""Bounded above"" [score]; prt1: # = 1 | ATAlgEquiv_String | prt1-1-T; prt2: # = 1 | ATAlgEquiv_String | prt2-1-T","Seed: 2111751705; ans1: ""Decreasing"" [score]; ans2: ""Bounded above"" [score]; prt1: # = 1 | ATAlgEquiv_String | prt1-1-T; prt2: # = 1 | ATAlgEquiv_String | prt2-1-T",1606156591,715835,1,"gradedright",1,1606154688,194,"anonfirstname72","anonlastname72","anon72",1,"Group GC"
"../data-raw/study2/attempts_MidC2.csv","MidC2",1761127,54100,16,"interactivecountback",29997,4,1,0,1,0,"\({-5\,2^{n-1}}\) is Decreasing and Bounded above","Seed: 2111751705; ans1: ""Decreasing"" [score]; ans2: ""Bounded above"" [score]; prt1: # = 1 | ATAlgEquiv_String | prt1-1-T; prt2: # = 1 | ATAlgEquiv_String | prt2-1-T","Seed: 2111751705; ans1: ""Decreasing"" [score]; ans2: ""Bounded above"" [score]; prt1: # = 1 | ATAlgEquiv_String | prt1-1-T; prt2: # = 1 | ATAlgEquiv_String | prt2-1-T",1605981757,717904,1,"gradedright",1,1605979981,200,"anonfirstname78","anonlastname78","anon78",1,"Group CG"
"../data-raw/study2/attempts_MidC2.csv","MidC2",1761190,54101,16,"interactivecountback",29997,4,1,0,1,0,"\({-5\,2^{n-1}}\) is Decreasing and Bounded above","Seed: 2111751705; ans1: ""Decreasing"" [score]; ans2: ""Bounded above"" [score]; prt1: # = 1 | ATAlgEquiv_String | prt1-1-T; prt2: # = 1 | ATAlgEquiv_String | prt2-1-T","",1607009414,717936,0,"complete",NA,1606148263,200,"anonfirstname78","anonlastname78","anon78",2,"Group CG"
"../data-raw/study2/attempts_MidC2.csv","MidC2",1757062,54026,16,"interactivecountback",29997,7,1,0,1,0,"\({-5\,\left(-2\right)^{n-1}}\) is Neither increasing nor decreasing and Unbounded","Seed: 1832130200; ans1: ""Neither increasing nor decreasing"" [score]; ans2: ""Unbounded"" [score]; prt1: # = 1 | ATAlgEquiv_String | prt1-1-T; prt2: # = 1 | ATAlgEquiv_String | prt2-1-T","Seed: 1832130200; ans1: ""Neither increasing nor decreasing"" [score]; ans2: ""Unbounded"" [score]; prt1: # = 1 | ATAlgEquiv_String | prt1-1-T; prt2: # = 1 | ATAlgEquiv_String | prt2-1-T",1605541613,715922,1,"gradedright",1,1605540680,202,"anonfirstname80","anonlastname80","anon80",1,"Group GC"
"../data-raw/study2/attempts_MidC2.csv","MidC2",1761333,54104,16,"interactivecountback",29997,10,1,0,1,0,"\({4\,\left(-3\right)^{n-1}}\) is Neither increasing nor decreasing and Unbounded","Seed: 123877803; ans1: ""Neither increasing nor decreasing"" [score]; ans2: ""Unbounded"" [score]; prt1: # = 1 | ATAlgEquiv_String | prt1-1-T; prt2: # = 1 | ATAlgEquiv_String | prt2-1-T","Seed: 123877803; ans1: ""Neither increasing nor decreasing"" [score]; ans2: ""Unbounded"" [score]; prt1: # = 1 | ATAlgEquiv_String | prt1-1-T; prt2: # = 1 | ATAlgEquiv_String | prt2-1-T",1605882539,718020,1,"gradedright",1,1605882070,208,"anonfirstname86","anonlastname86","anon86",1,"Group CG"
"../data-raw/study2/attempts_MidC2.csv","MidC2",1757200,54028,30,"interactivecountback",29997,4,0,0,1,0,"\({-5\,2^{n-1}}\) is Decreasing and Bounded above","Seed: 2111751705; ans1: ""Decreasing"" [score]; ans2: ""Bounded above"" [score]; prt1: # = 1 | ATAlgEquiv_String | prt1-1-T; prt2: # = 1 | ATAlgEquiv_String | prt2-1-T","Seed: 2111751705; ans1: ""Decreasing"" [score]; ans2: ""Bounded below"" [score]; prt1: # = 1 | ATAlgEquiv_String | prt1-1-T; prt2: # = 0 | ATAlgEquiv_String | prt2-1-F",1605884780,715985,1,"gradedpartial",0.5,1605883697,209,"anonfirstname87","anonlastname87","anon87",1,"Group GC"
"../data-raw/study2/attempts_MidC2.csv","MidC2",1757202,54028,31,"interactivecountback",29997,8,0,0,1,0,"\({-4\,\left(-3\right)^{n-1}}\) is Neither increasing nor decreasing and Unbounded","Seed: 271527967; ans1: ""Neither increasing nor decreasing"" [score]; ans2: ""Unbounded"" [score]; prt1: # = 1 | ATAlgEquiv_String | prt1-1-T; prt2: # = 1 | ATAlgEquiv_String | prt2-1-T","Seed: 271527967; ans1: ""Neither increasing nor decreasing"" [score]; ans2: ""Bounded above and below"" [score]; prt1: # = 1 | ATAlgEquiv_String | prt1-1-T; prt2: # = 0 | ATAlgEquiv_String | prt2-1-F",1605884780,715986,1,"gradedpartial",0.5,1605883730,209,"anonfirstname87","anonlastname87","anon87",2,"Group GC"
"../data-raw/study2/attempts_MidC2.csv","MidC2",1757170,54028,16,"interactivecountback",29997,6,1,0,1,0,"\({\left(-2\right)^{n+1}}\) is Neither increasing nor decreasing and Unbounded","Seed: 71454915; ans1: ""Neither increasing nor decreasing"" [score]; ans2: ""Unbounded"" [score]; prt1: # = 1 | ATAlgEquiv_String | prt1-1-T; prt2: # = 1 | ATAlgEquiv_String | prt2-1-T","Seed: 71454915; ans1: ""Neither increasing nor decreasing"" [score]; ans2: ""Unbounded"" [score]; prt1: # = 1 | ATAlgEquiv_String | prt1-1-T; prt2: # = 1 | ATAlgEquiv_String | prt2-1-T",1605884780,715971,1,"gradedright",1,1605883755,209,"anonfirstname87","anonlastname87","anon87",3,"Group GC"
"../data-raw/study2/attempts_MidC2.csv","MidC2",1757251,54029,16,"interactivecountback",29997,4,1,0,1,0,"\({-5\,2^{n-1}}\) is Decreasing and Bounded above","Seed: 2111751705; ans1: ""Decreasing"" [score]; ans2: ""Bounded above"" [score]; prt1: # = 1 | ATAlgEquiv_String | prt1-1-T; prt2: # = 1 | ATAlgEquiv_String | prt2-1-T","Seed: 2111751705; ans1: ""Decreasing"" [score]; ans2: ""Bounded above"" [score]; prt1: # = 1 | ATAlgEquiv_String | prt1-1-T; prt2: # = 1 | ATAlgEquiv_String | prt2-1-T",1606142452,716008,1,"gradedright",1,1606141117,210,"anonfirstname88","anonlastname88","anon88",1,"Group GC"
"../data-raw/study2/attempts_MidC2.csv","MidC2",1761422,54105,31,"interactivecountback",29997,7,0,0,1,0,"\({-5\,\left(-2\right)^{n-1}}\) is Neither increasing nor decreasing and Unbounded","Seed: 1832130200; ans1: ""Neither increasing nor decreasing"" [score]; ans2: ""Unbounded"" [score]; prt1: # = 1 | ATAlgEquiv_String | prt1-1-T; prt2: # = 1 | ATAlgEquiv_String | prt2-1-T","Seed: 1832130200; ans1: ""Increasing"" [score]; ans2: ""Unbounded"" [score]; prt1: # = 0 | ATAlgEquiv_String | prt1-1-F; prt2: # = 1 | ATAlgEquiv_String | prt2-1-T",1606215521,718064,1,"gradedpartial",0.5,1606215515,211,"anonfirstname89","anonlastname89","anon89",1,"Group CG"
"../data-raw/study2/attempts_MidC2.csv","MidC2",1761393,54105,16,"interactivecountback",29997,3,1,0,1,0,"\({-2\,\left(-5\right)^{n-1}}\) is Neither increasing nor decreasing and Unbounded","Seed: 258534682; ans1: ""Neither increasing nor decreasing"" [score]; ans2: ""Unbounded"" [score]; prt1: # = 1 | ATAlgEquiv_String | prt1-1-T; prt2: # = 1 | ATAlgEquiv_String | prt2-1-T","Seed: 258534682; ans1: ""Neither increasing nor decreasing"" [score]; ans2: ""Unbounded"" [score]; prt1: # = 1 | ATAlgEquiv_String | prt1-1-T; prt2: # = 1 | ATAlgEquiv_String | prt2-1-T",1606215570,718049,1,"gradedright",1,1606215547,211,"anonfirstname89","anonlastname89","anon89",2,"Group CG"
"../data-raw/study2/attempts_MidC2.csv","MidC2",1761458,54106,16,"interactivecountback",29997,10,1,0,1,0,"\({4\,\left(-3\right)^{n-1}}\) is Neither increasing nor decreasing and Unbounded","Seed: 123877803; ans1: ""Neither increasing nor decreasing"" [score]; ans2: ""Unbounded"" [score]; prt1: # = 1 | ATAlgEquiv_String | prt1-1-T; prt2: # = 1 | ATAlgEquiv_String | prt2-1-T","Seed: 123877803; ans1: ""Neither increasing nor decreasing"" [score]; ans2: ""Unbounded"" [score]; prt1: # = 1 | ATAlgEquiv_String | prt1-1-T; prt2: # = 1 | ATAlgEquiv_String | prt2-1-T",1605993528,718080,1,"gradedright",1,1605989495,212,"anonfirstname90","anonlastname90","anon90",1,"Group CG"
"../data-raw/study2/attempts_MidC2.csv","MidC2",1757416,54032,16,"interactivecountback",29997,10,1,0,1,0,"\({4\,\left(-3\right)^{n-1}}\) is Neither increasing nor decreasing and Unbounded","Seed: 123877803; ans1: ""Neither increasing nor decreasing"" [score]; ans2: ""Unbounded"" [score]; prt1: # = 1 | ATAlgEquiv_String | prt1-1-T; prt2: # = 1 | ATAlgEquiv_String | prt2-1-T","Seed: 123877803; ans1: ""Neither increasing nor decreasing"" [score]; ans2: ""Unbounded"" [score]; prt1: # = 1 | ATAlgEquiv_String | prt1-1-T; prt2: # = 1 | ATAlgEquiv_String | prt2-1-T",1606593414,716082,1,"gradedright",1,1606587780,217,"anonfirstname95","anonlastname95","anon95",1,"Group GC"
"../data-raw/study2/attempts_MidC2.csv","MidC2",1761528,54107,16,"interactivecountback",29997,1,1,0,1,0,"\({-2\,\left(-3\right)^{n-1}}\) is Neither increasing nor decreasing and Unbounded","Seed: 1886707239; ans1: ""Neither increasing nor decreasing"" [score]; ans2: ""Unbounded"" [score]; prt1: # = 1 | ATAlgEquiv_String | prt1-1-T; prt2: # = 1 | ATAlgEquiv_String | prt2-1-T","Seed: 1886707239; ans1: ""Neither increasing nor decreasing"" [score]; ans2: ""Unbounded"" [score]; prt1: # = 1 | ATAlgEquiv_String | prt1-1-T; prt2: # = 1 | ATAlgEquiv_String | prt2-1-T",1605950532,718112,1,"gradedright",1,1605948879,218,"anonfirstname96","anonlastname96","anon96",1,"Group CG"
"../data-raw/study2/attempts_MidC2.csv","MidC2",1761609,54108,27,"interactivecountback",29997,2,0,0,1,0,"\({-2\,5^{n-1}}\) is Decreasing and Bounded above","Seed: 1454419938; ans1: ""Decreasing"" [score]; ans2: ""Bounded above"" [score]; prt1: # = 1 | ATAlgEquiv_String | prt1-1-T; prt2: # = 1 | ATAlgEquiv_String | prt2-1-T","Seed: 1454419938; ans1: ""Increasing"" [score]; ans2: ""Bounded above and below"" [score]; prt1: # = 0 | ATAlgEquiv_String | prt1-1-F; prt2: # = 0 | ATAlgEquiv_String | prt2-1-F",1605635927,718149,1,"gradedwrong",0,1605634644,219,"anonfirstname97","anonlastname97","anon97",1,"Group CG"
"../data-raw/study2/attempts_MidC2.csv","MidC2",1761611,54108,28,"interactivecountback",29997,10,0,0,1,0,"\({4\,\left(-3\right)^{n-1}}\) is Neither increasing nor decreasing and Unbounded","Seed: 123877803; ans1: ""Neither increasing nor decreasing"" [score]; ans2: ""Unbounded"" [score]; prt1: # = 1 | ATAlgEquiv_String | prt1-1-T; prt2: # = 1 | ATAlgEquiv_String | prt2-1-T","Seed: 123877803; ans1: ""Decreasing"" [score]; ans2: ""Bounded above"" [score]; prt1: # = 0 | ATAlgEquiv_String | prt1-1-F; prt2: # = 0 | ATAlgEquiv_String | prt2-1-F",1605635927,718150,1,"gradedwrong",0,1605634715,219,"anonfirstname97","anonlastname97","anon97",2,"Group CG"
"../data-raw/study2/attempts_MidC2.csv","MidC2",1761586,54108,16,"interactivecountback",29997,4,1,0,1,0,"\({-5\,2^{n-1}}\) is Decreasing and Bounded above","Seed: 2111751705; ans1: ""Decreasing"" [score]; ans2: ""Bounded above"" [score]; prt1: # = 1 | ATAlgEquiv_String | prt1-1-T; prt2: # = 1 | ATAlgEquiv_String | prt2-1-T","Seed: 2111751705; ans1: ""Decreasing"" [score]; ans2: ""Bounded above"" [score]; prt1: # = 1 | ATAlgEquiv_String | prt1-1-T; prt2: # = 1 | ATAlgEquiv_String | prt2-1-T",1605635927,718138,1,"gradedright",1,1605634768,219,"anonfirstname97","anonlastname97","anon97",3,"Group CG"
"../data-raw/study2/attempts_MidC2.csv","MidC2",1761652,54109,16,"interactivecountback",29997,10,1,0,1,0,"\({4\,\left(-3\right)^{n-1}}\) is Neither increasing nor decreasing and Unbounded","Seed: 123877803; ans1: ""Neither increasing nor decreasing"" [score]; ans2: ""Unbounded"" [score]; prt1: # = 1 | ATAlgEquiv_String | prt1-1-T; prt2: # = 1 | ATAlgEquiv_String | prt2-1-T","Seed: 123877803; ans1: ""Neither increasing nor decreasing"" [score]; ans2: ""Unbounded"" [score]; prt1: # = 1 | ATAlgEquiv_String | prt1-1-T; prt2: # = 1 | ATAlgEquiv_String | prt2-1-T",1605525514,718168,1,"gradedright",1,1605524994,221,"anonfirstname99","anonlastname99","anon99",1,"Group CG"
